Tournament,Label,Model,Num_Features,Features,Num_CV_Folds,Train_LogLoss,Test_LogLoss,Train_Acc,Test_Acc
M,A_Win,"LogisticRegression(n_jobs=-1, random_state=0)",62,"['A_1_pos_game_ratio', 'A_1_pos_loss_missing', 'A_1_pos_win_missing', 'A_1_pos_win_ratio', 'A_PlayIn', 'A_Seed', 'A_away_win_ratio', 'A_home_win_ratio', 'A_max_loss_diff', 'A_max_win_diff', 'A_mean_diff', 'A_mean_papg', 'A_mean_ppg', 'A_neutral_win_ratio', 'A_num_games', 'A_ot_loss_missing', 'A_ot_ratio', 'A_ot_win_missing', 'A_ot_win_ratio', 'A_recent_mean_pts_against', 'A_recent_mean_pts_for', 'A_recent_mean_score_diff', 'A_recent_std_pts_against', 'A_recent_std_pts_for', 'A_recent_std_score_diff', 'A_recent_win_ratio', 'A_std_diff', 'A_std_papg', 'A_std_ppg', 'A_win_ratio', 'B_1_pos_game_ratio', 'B_1_pos_loss_missing', 'B_1_pos_win_missing', 'B_1_pos_win_ratio', 'B_PlayIn', 'B_Seed', 'B_away_win_ratio', 'B_home_win_ratio', 'B_max_loss_diff', 'B_max_win_diff', 'B_mean_diff', 'B_mean_papg', 'B_mean_ppg', 'B_neutral_win_ratio', 'B_num_games', 'B_ot_loss_missing', 'B_ot_ratio', 'B_ot_win_missing', 'B_ot_win_ratio', 'B_recent_mean_pts_against', 'B_recent_mean_pts_for', 'B_recent_mean_score_diff', 'B_recent_std_pts_against', 'B_recent_std_pts_for', 'B_recent_std_score_diff', 'B_recent_win_ratio', 'B_std_diff', 'B_std_papg', 'B_std_ppg', 'B_win_ratio', 'A_Loc_A', 'A_Loc_H']",5,10.058697763742712,10.617469421300967,0.7209301272778361,0.7054274907519016
M,A_Win,"LogisticRegression(n_jobs=-1, random_state=0)",37,"['A_1_pos_loss_missing', 'A_1_pos_win_missing', 'A_ot_loss_missing', 'A_ot_win_missing', 'A_PlayIn', 'B_1_pos_loss_missing', 'B_1_pos_win_missing', 'B_ot_loss_missing', 'B_ot_win_missing', 'B_PlayIn', 'A_Loc_A', 'A_Loc_H', '1_pos_game_ratio_diff', '1_pos_win_ratio_diff', 'Seed_diff', 'away_win_ratio_diff', 'home_win_ratio_diff', 'max_loss_diff_diff', 'max_win_diff_diff', 'mean_diff_diff', 'mean_papg_diff', 'mean_ppg_diff', 'neutral_win_ratio_diff', 'num_games_diff', 'ot_ratio_diff', 'ot_win_ratio_diff', 'recent_mean_pts_against_diff', 'recent_mean_pts_for_diff', 'recent_mean_score_diff_diff', 'recent_std_pts_against_diff', 'recent_std_pts_for_diff', 'recent_std_score_diff_diff', 'recent_win_ratio_diff', 'std_diff_diff', 'std_papg_diff', 'std_ppg_diff', 'win_ratio_diff']",5,10.27189731079568,10.764346672153833,0.7150150901768152,0.7013525084168087
M,A_Win,RandomForestClassifier(n_jobs=-1),62,"['A_1_pos_game_ratio', 'A_1_pos_loss_missing', 'A_1_pos_win_missing', 'A_1_pos_win_ratio', 'A_PlayIn', 'A_Seed', 'A_away_win_ratio', 'A_home_win_ratio', 'A_max_loss_diff', 'A_max_win_diff', 'A_mean_diff', 'A_mean_papg', 'A_mean_ppg', 'A_neutral_win_ratio', 'A_num_games', 'A_ot_loss_missing', 'A_ot_ratio', 'A_ot_win_missing', 'A_ot_win_ratio', 'A_recent_mean_pts_against', 'A_recent_mean_pts_for', 'A_recent_mean_score_diff', 'A_recent_std_pts_against', 'A_recent_std_pts_for', 'A_recent_std_score_diff', 'A_recent_win_ratio', 'A_std_diff', 'A_std_papg', 'A_std_ppg', 'A_win_ratio', 'B_1_pos_game_ratio', 'B_1_pos_loss_missing', 'B_1_pos_win_missing', 'B_1_pos_win_ratio', 'B_PlayIn', 'B_Seed', 'B_away_win_ratio', 'B_home_win_ratio', 'B_max_loss_diff', 'B_max_win_diff', 'B_mean_diff', 'B_mean_papg', 'B_mean_ppg', 'B_neutral_win_ratio', 'B_num_games', 'B_ot_loss_missing', 'B_ot_ratio', 'B_ot_win_missing', 'B_ot_win_ratio', 'B_recent_mean_pts_against', 'B_recent_mean_pts_for', 'B_recent_mean_score_diff', 'B_recent_std_pts_against', 'B_recent_std_pts_for', 'B_recent_std_score_diff', 'B_recent_win_ratio', 'B_std_diff', 'B_std_papg', 'B_std_ppg', 'B_win_ratio', 'A_Loc_A', 'A_Loc_H']",5,2.2204460492503136e-16,11.367316438812953,1.0,0.68462363356748
M,A_Win,RandomForestClassifier(n_jobs=-1),37,"['A_1_pos_loss_missing', 'A_1_pos_win_missing', 'A_ot_loss_missing', 'A_ot_win_missing', 'A_PlayIn', 'B_1_pos_loss_missing', 'B_1_pos_win_missing', 'B_ot_loss_missing', 'B_ot_win_missing', 'B_PlayIn', 'A_Loc_A', 'A_Loc_H', '1_pos_game_ratio_diff', '1_pos_win_ratio_diff', 'Seed_diff', 'away_win_ratio_diff', 'home_win_ratio_diff', 'max_loss_diff_diff', 'max_win_diff_diff', 'mean_diff_diff', 'mean_papg_diff', 'mean_ppg_diff', 'neutral_win_ratio_diff', 'num_games_diff', 'ot_ratio_diff', 'ot_win_ratio_diff', 'recent_mean_pts_against_diff', 'recent_mean_pts_for_diff', 'recent_mean_score_diff_diff', 'recent_std_pts_against_diff', 'recent_std_pts_for_diff', 'recent_std_score_diff_diff', 'recent_win_ratio_diff', 'std_diff_diff', 'std_papg_diff', 'std_ppg_diff', 'win_ratio_diff']",5,2.2204460492503136e-16,11.07332223535145,1.0,0.6927802485556341
M,A_Win,"XGBClassifier(base_score=0.5, booster='gbtree', colsample_bylevel=1,
              colsample_bynode=1, colsample_bytree=1, gamma=0, gpu_id=-1,
              importance_type='gain', interaction_constraints='',
              learning_rate=0.300000012, max_delta_step=0, max_depth=6,
              min_child_weight=1, missing=nan, monotone_constraints='()',
              n_estimators=100, n_jobs=-1, num_parallel_tree=1, random_state=0,
              reg_alpha=0, reg_lambda=1, scale_pos_weight=1, subsample=1,
              tree_method='exact', validate_parameters=1, verbosity=None)",62,"['A_1_pos_game_ratio', 'A_1_pos_loss_missing', 'A_1_pos_win_missing', 'A_1_pos_win_ratio', 'A_PlayIn', 'A_Seed', 'A_away_win_ratio', 'A_home_win_ratio', 'A_max_loss_diff', 'A_max_win_diff', 'A_mean_diff', 'A_mean_papg', 'A_mean_ppg', 'A_neutral_win_ratio', 'A_num_games', 'A_ot_loss_missing', 'A_ot_ratio', 'A_ot_win_missing', 'A_ot_win_ratio', 'A_recent_mean_pts_against', 'A_recent_mean_pts_for', 'A_recent_mean_score_diff', 'A_recent_std_pts_against', 'A_recent_std_pts_for', 'A_recent_std_score_diff', 'A_recent_win_ratio', 'A_std_diff', 'A_std_papg', 'A_std_ppg', 'A_win_ratio', 'B_1_pos_game_ratio', 'B_1_pos_loss_missing', 'B_1_pos_win_missing', 'B_1_pos_win_ratio', 'B_PlayIn', 'B_Seed', 'B_away_win_ratio', 'B_home_win_ratio', 'B_max_loss_diff', 'B_max_win_diff', 'B_mean_diff', 'B_mean_papg', 'B_mean_ppg', 'B_neutral_win_ratio', 'B_num_games', 'B_ot_loss_missing', 'B_ot_ratio', 'B_ot_win_missing', 'B_ot_win_ratio', 'B_recent_mean_pts_against', 'B_recent_mean_pts_for', 'B_recent_mean_score_diff', 'B_recent_std_pts_against', 'B_recent_std_pts_for', 'B_recent_std_score_diff', 'B_recent_win_ratio', 'B_std_diff', 'B_std_papg', 'B_std_ppg', 'B_win_ratio', 'A_Loc_A', 'A_Loc_H']",5,2.2204460492503136e-16,11.999679633274337,1.0,0.667079263477285
M,A_Win,"XGBClassifier(base_score=0.5, booster='gbtree', colsample_bylevel=1,
              colsample_bynode=1, colsample_bytree=1, gamma=0, gpu_id=-1,
              importance_type='gain', interaction_constraints='',
              learning_rate=0.300000012, max_delta_step=0, max_depth=6,
              min_child_weight=1, missing=nan, monotone_constraints='()',
              n_estimators=100, n_jobs=-1, num_parallel_tree=1, random_state=0,
              reg_alpha=0, reg_lambda=1, scale_pos_weight=1, subsample=1,
              tree_method='exact', validate_parameters=1, verbosity=None)",37,"['A_1_pos_loss_missing', 'A_1_pos_win_missing', 'A_ot_loss_missing', 'A_ot_win_missing', 'A_PlayIn', 'B_1_pos_loss_missing', 'B_1_pos_win_missing', 'B_ot_loss_missing', 'B_ot_win_missing', 'B_PlayIn', 'A_Loc_A', 'A_Loc_H', '1_pos_game_ratio_diff', '1_pos_win_ratio_diff', 'Seed_diff', 'away_win_ratio_diff', 'home_win_ratio_diff', 'max_loss_diff_diff', 'max_win_diff_diff', 'mean_diff_diff', 'mean_papg_diff', 'mean_ppg_diff', 'neutral_win_ratio_diff', 'num_games_diff', 'ot_ratio_diff', 'ot_win_ratio_diff', 'recent_mean_pts_against_diff', 'recent_mean_pts_for_diff', 'recent_mean_score_diff_diff', 'recent_std_pts_against_diff', 'recent_std_pts_for_diff', 'recent_std_score_diff_diff', 'recent_win_ratio_diff', 'std_diff_diff', 'std_papg_diff', 'std_ppg_diff', 'win_ratio_diff']",5,2.2204460492503136e-16,12.411427324261698,1.0,0.6556556797871899
M,A_Win,SVC(),62,"['A_1_pos_game_ratio', 'A_1_pos_loss_missing', 'A_1_pos_win_missing', 'A_1_pos_win_ratio', 'A_PlayIn', 'A_Seed', 'A_away_win_ratio', 'A_home_win_ratio', 'A_max_loss_diff', 'A_max_win_diff', 'A_mean_diff', 'A_mean_papg', 'A_mean_ppg', 'A_neutral_win_ratio', 'A_num_games', 'A_ot_loss_missing', 'A_ot_ratio', 'A_ot_win_missing', 'A_ot_win_ratio', 'A_recent_mean_pts_against', 'A_recent_mean_pts_for', 'A_recent_mean_score_diff', 'A_recent_std_pts_against', 'A_recent_std_pts_for', 'A_recent_std_score_diff', 'A_recent_win_ratio', 'A_std_diff', 'A_std_papg', 'A_std_ppg', 'A_win_ratio', 'B_1_pos_game_ratio', 'B_1_pos_loss_missing', 'B_1_pos_win_missing', 'B_1_pos_win_ratio', 'B_PlayIn', 'B_Seed', 'B_away_win_ratio', 'B_home_win_ratio', 'B_max_loss_diff', 'B_max_win_diff', 'B_mean_diff', 'B_mean_papg', 'B_mean_ppg', 'B_neutral_win_ratio', 'B_num_games', 'B_ot_loss_missing', 'B_ot_ratio', 'B_ot_win_missing', 'B_ot_win_ratio', 'B_recent_mean_pts_against', 'B_recent_mean_pts_for', 'B_recent_mean_score_diff', 'B_recent_std_pts_against', 'B_recent_std_pts_for', 'B_recent_std_score_diff', 'B_recent_win_ratio', 'B_std_diff', 'B_std_papg', 'B_std_ppg', 'B_win_ratio', 'A_Loc_A', 'A_Loc_H']",5,8.816071535210174,10.955808449581369,0.7554057176159602,0.6960405669396068
M,A_Win,SVC(),37,"['A_1_pos_loss_missing', 'A_1_pos_win_missing', 'A_ot_loss_missing', 'A_ot_win_missing', 'A_PlayIn', 'B_1_pos_loss_missing', 'B_1_pos_win_missing', 'B_ot_loss_missing', 'B_ot_win_missing', 'B_PlayIn', 'A_Loc_A', 'A_Loc_H', '1_pos_game_ratio_diff', '1_pos_win_ratio_diff', 'Seed_diff', 'away_win_ratio_diff', 'home_win_ratio_diff', 'max_loss_diff_diff', 'max_win_diff_diff', 'mean_diff_diff', 'mean_papg_diff', 'mean_ppg_diff', 'neutral_win_ratio_diff', 'num_games_diff', 'ot_ratio_diff', 'ot_win_ratio_diff', 'recent_mean_pts_against_diff', 'recent_mean_pts_for_diff', 'recent_mean_score_diff_diff', 'recent_std_pts_against_diff', 'recent_std_pts_for_diff', 'recent_std_score_diff_diff', 'recent_win_ratio_diff', 'std_diff_diff', 'std_papg_diff', 'std_ppg_diff', 'win_ratio_diff']",5,9.371212967127365,10.92623524546228,0.74000379856175,0.6968610499189493
M,A_Win,KNeighborsClassifier(n_jobs=-1),62,"['A_1_pos_game_ratio', 'A_1_pos_loss_missing', 'A_1_pos_win_missing', 'A_1_pos_win_ratio', 'A_PlayIn', 'A_Seed', 'A_away_win_ratio', 'A_home_win_ratio', 'A_max_loss_diff', 'A_max_win_diff', 'A_mean_diff', 'A_mean_papg', 'A_mean_ppg', 'A_neutral_win_ratio', 'A_num_games', 'A_ot_loss_missing', 'A_ot_ratio', 'A_ot_win_missing', 'A_ot_win_ratio', 'A_recent_mean_pts_against', 'A_recent_mean_pts_for', 'A_recent_mean_score_diff', 'A_recent_std_pts_against', 'A_recent_std_pts_for', 'A_recent_std_score_diff', 'A_recent_win_ratio', 'A_std_diff', 'A_std_papg', 'A_std_ppg', 'A_win_ratio', 'B_1_pos_game_ratio', 'B_1_pos_loss_missing', 'B_1_pos_win_missing', 'B_1_pos_win_ratio', 'B_PlayIn', 'B_Seed', 'B_away_win_ratio', 'B_home_win_ratio', 'B_max_loss_diff', 'B_max_win_diff', 'B_mean_diff', 'B_mean_papg', 'B_mean_ppg', 'B_neutral_win_ratio', 'B_num_games', 'B_ot_loss_missing', 'B_ot_ratio', 'B_ot_win_missing', 'B_ot_win_ratio', 'B_recent_mean_pts_against', 'B_recent_mean_pts_for', 'B_recent_mean_score_diff', 'B_recent_std_pts_against', 'B_recent_std_pts_for', 'B_recent_std_score_diff', 'B_recent_win_ratio', 'B_std_diff', 'B_std_papg', 'B_std_ppg', 'B_win_ratio', 'A_Loc_A', 'A_Loc_H']",5,8.282980766370747,13.117528771344231,0.7701958600880434,0.6360655056319879
M,A_Win,KNeighborsClassifier(n_jobs=-1),37,"['A_1_pos_loss_missing', 'A_1_pos_win_missing', 'A_ot_loss_missing', 'A_ot_win_missing', 'A_PlayIn', 'B_1_pos_loss_missing', 'B_1_pos_win_missing', 'B_ot_loss_missing', 'B_ot_win_missing', 'B_PlayIn', 'A_Loc_A', 'A_Loc_H', '1_pos_game_ratio_diff', '1_pos_win_ratio_diff', 'Seed_diff', 'away_win_ratio_diff', 'home_win_ratio_diff', 'max_loss_diff_diff', 'max_win_diff_diff', 'mean_diff_diff', 'mean_papg_diff', 'mean_ppg_diff', 'neutral_win_ratio_diff', 'num_games_diff', 'ot_ratio_diff', 'ot_win_ratio_diff', 'recent_mean_pts_against_diff', 'recent_mean_pts_for_diff', 'recent_mean_score_diff_diff', 'recent_std_pts_against_diff', 'recent_std_pts_for_diff', 'recent_std_score_diff_diff', 'recent_win_ratio_diff', 'std_diff_diff', 'std_papg_diff', 'std_ppg_diff', 'win_ratio_diff']",5,8.827065920424246,13.55855003925596,0.7551006879039225,0.6238297518600108
W,A_Win,"LogisticRegression(n_jobs=-1, random_state=0)",62,"['A_1_pos_game_ratio', 'A_1_pos_loss_missing', 'A_1_pos_win_missing', 'A_1_pos_win_ratio', 'A_PlayIn', 'A_Seed', 'A_away_win_ratio', 'A_home_win_ratio', 'A_max_loss_diff', 'A_max_win_diff', 'A_mean_diff', 'A_mean_papg', 'A_mean_ppg', 'A_neutral_win_ratio', 'A_num_games', 'A_ot_loss_missing', 'A_ot_ratio', 'A_ot_win_missing', 'A_ot_win_ratio', 'A_recent_mean_pts_against', 'A_recent_mean_pts_for', 'A_recent_mean_score_diff', 'A_recent_std_pts_against', 'A_recent_std_pts_for', 'A_recent_std_score_diff', 'A_recent_win_ratio', 'A_std_diff', 'A_std_papg', 'A_std_ppg', 'A_win_ratio', 'B_1_pos_game_ratio', 'B_1_pos_loss_missing', 'B_1_pos_win_missing', 'B_1_pos_win_ratio', 'B_PlayIn', 'B_Seed', 'B_away_win_ratio', 'B_home_win_ratio', 'B_max_loss_diff', 'B_max_win_diff', 'B_mean_diff', 'B_mean_papg', 'B_mean_ppg', 'B_neutral_win_ratio', 'B_num_games', 'B_ot_loss_missing', 'B_ot_ratio', 'B_ot_win_missing', 'B_ot_win_ratio', 'B_recent_mean_pts_against', 'B_recent_mean_pts_for', 'B_recent_mean_score_diff', 'B_recent_std_pts_against', 'B_recent_std_pts_for', 'B_recent_std_score_diff', 'B_recent_win_ratio', 'B_std_diff', 'B_std_papg', 'B_std_ppg', 'B_win_ratio', 'A_Loc_A', 'A_Loc_H']",5,7.251991456980281,7.969097330599479,0.7987997670854888,0.7789042846304357
W,A_Win,"LogisticRegression(n_jobs=-1, random_state=0)",37,"['A_1_pos_loss_missing', 'A_1_pos_win_missing', 'A_ot_loss_missing', 'A_ot_win_missing', 'A_PlayIn', 'B_1_pos_loss_missing', 'B_1_pos_win_missing', 'B_ot_loss_missing', 'B_ot_win_missing', 'B_PlayIn', 'A_Loc_A', 'A_Loc_H', '1_pos_game_ratio_diff', '1_pos_win_ratio_diff', 'Seed_diff', 'away_win_ratio_diff', 'home_win_ratio_diff', 'max_loss_diff_diff', 'max_win_diff_diff', 'mean_diff_diff', 'mean_papg_diff', 'mean_ppg_diff', 'neutral_win_ratio_diff', 'num_games_diff', 'ot_ratio_diff', 'ot_win_ratio_diff', 'recent_mean_pts_against_diff', 'recent_mean_pts_for_diff', 'recent_mean_score_diff_diff', 'recent_std_pts_against_diff', 'recent_std_pts_for_diff', 'recent_std_score_diff_diff', 'recent_win_ratio_diff', 'std_diff_diff', 'std_papg_diff', 'std_ppg_diff', 'win_ratio_diff']",5,7.496747876433967,7.718376393795414,0.792009211843728,0.7858603202491714
W,A_Win,RandomForestClassifier(n_jobs=-1),62,"['A_1_pos_game_ratio', 'A_1_pos_loss_missing', 'A_1_pos_win_missing', 'A_1_pos_win_ratio', 'A_PlayIn', 'A_Seed', 'A_away_win_ratio', 'A_home_win_ratio', 'A_max_loss_diff', 'A_max_win_diff', 'A_mean_diff', 'A_mean_papg', 'A_mean_ppg', 'A_neutral_win_ratio', 'A_num_games', 'A_ot_loss_missing', 'A_ot_ratio', 'A_ot_win_missing', 'A_ot_win_ratio', 'A_recent_mean_pts_against', 'A_recent_mean_pts_for', 'A_recent_mean_score_diff', 'A_recent_std_pts_against', 'A_recent_std_pts_for', 'A_recent_std_score_diff', 'A_recent_win_ratio', 'A_std_diff', 'A_std_papg', 'A_std_ppg', 'A_win_ratio', 'B_1_pos_game_ratio', 'B_1_pos_loss_missing', 'B_1_pos_win_missing', 'B_1_pos_win_ratio', 'B_PlayIn', 'B_Seed', 'B_away_win_ratio', 'B_home_win_ratio', 'B_max_loss_diff', 'B_max_win_diff', 'B_mean_diff', 'B_mean_papg', 'B_mean_ppg', 'B_neutral_win_ratio', 'B_num_games', 'B_ot_loss_missing', 'B_ot_ratio', 'B_ot_win_missing', 'B_ot_win_ratio', 'B_recent_mean_pts_against', 'B_recent_mean_pts_for', 'B_recent_mean_score_diff', 'B_recent_std_pts_against', 'B_recent_std_pts_for', 'B_recent_std_score_diff', 'B_recent_win_ratio', 'B_std_diff', 'B_std_papg', 'B_std_ppg', 'B_win_ratio', 'A_Loc_A', 'A_Loc_H']",5,2.2204460492503136e-16,8.538184921944644,1.0,0.763115441440722
W,A_Win,RandomForestClassifier(n_jobs=-1),37,"['A_1_pos_loss_missing', 'A_1_pos_win_missing', 'A_ot_loss_missing', 'A_ot_win_missing', 'A_PlayIn', 'B_1_pos_loss_missing', 'B_1_pos_win_missing', 'B_ot_loss_missing', 'B_ot_win_missing', 'B_PlayIn', 'A_Loc_A', 'A_Loc_H', '1_pos_game_ratio_diff', '1_pos_win_ratio_diff', 'Seed_diff', 'away_win_ratio_diff', 'home_win_ratio_diff', 'max_loss_diff_diff', 'max_win_diff_diff', 'mean_diff_diff', 'mean_papg_diff', 'mean_ppg_diff', 'neutral_win_ratio_diff', 'num_games_diff', 'ot_ratio_diff', 'ot_win_ratio_diff', 'recent_mean_pts_against_diff', 'recent_mean_pts_for_diff', 'recent_mean_score_diff_diff', 'recent_std_pts_against_diff', 'recent_std_pts_for_diff', 'recent_std_score_diff_diff', 'recent_win_ratio_diff', 'std_diff_diff', 'std_papg_diff', 'std_ppg_diff', 'win_ratio_diff']",5,2.2204460492503136e-16,8.51508462897274,1.0,0.7637563390967536
W,A_Win,"XGBClassifier(base_score=0.5, booster='gbtree', colsample_bylevel=1,
              colsample_bynode=1, colsample_bytree=1, gamma=0, gpu_id=-1,
              importance_type='gain', interaction_constraints='',
              learning_rate=0.300000012, max_delta_step=0, max_depth=6,
              min_child_weight=1, missing=nan, monotone_constraints='()',
              n_estimators=100, n_jobs=-1, num_parallel_tree=1, random_state=0,
              reg_alpha=0, reg_lambda=1, scale_pos_weight=1, subsample=1,
              tree_method='exact', validate_parameters=1, verbosity=None)",62,"['A_1_pos_game_ratio', 'A_1_pos_loss_missing', 'A_1_pos_win_missing', 'A_1_pos_win_ratio', 'A_PlayIn', 'A_Seed', 'A_away_win_ratio', 'A_home_win_ratio', 'A_max_loss_diff', 'A_max_win_diff', 'A_mean_diff', 'A_mean_papg', 'A_mean_ppg', 'A_neutral_win_ratio', 'A_num_games', 'A_ot_loss_missing', 'A_ot_ratio', 'A_ot_win_missing', 'A_ot_win_ratio', 'A_recent_mean_pts_against', 'A_recent_mean_pts_for', 'A_recent_mean_score_diff', 'A_recent_std_pts_against', 'A_recent_std_pts_for', 'A_recent_std_score_diff', 'A_recent_win_ratio', 'A_std_diff', 'A_std_papg', 'A_std_ppg', 'A_win_ratio', 'B_1_pos_game_ratio', 'B_1_pos_loss_missing', 'B_1_pos_win_missing', 'B_1_pos_win_ratio', 'B_PlayIn', 'B_Seed', 'B_away_win_ratio', 'B_home_win_ratio', 'B_max_loss_diff', 'B_max_win_diff', 'B_mean_diff', 'B_mean_papg', 'B_mean_ppg', 'B_neutral_win_ratio', 'B_num_games', 'B_ot_loss_missing', 'B_ot_ratio', 'B_ot_win_missing', 'B_ot_win_ratio', 'B_recent_mean_pts_against', 'B_recent_mean_pts_for', 'B_recent_mean_score_diff', 'B_recent_std_pts_against', 'B_recent_std_pts_for', 'B_recent_std_score_diff', 'B_recent_win_ratio', 'B_std_diff', 'B_std_papg', 'B_std_ppg', 'B_win_ratio', 'A_Loc_A', 'A_Loc_H']",5,2.2204460492503136e-16,8.971117515461652,1.0,0.7511041009463723
W,A_Win,"XGBClassifier(base_score=0.5, booster='gbtree', colsample_bylevel=1,
              colsample_bynode=1, colsample_bytree=1, gamma=0, gpu_id=-1,
              importance_type='gain', interaction_constraints='',
              learning_rate=0.300000012, max_delta_step=0, max_depth=6,
              min_child_weight=1, missing=nan, monotone_constraints='()',
              n_estimators=100, n_jobs=-1, num_parallel_tree=1, random_state=0,
              reg_alpha=0, reg_lambda=1, scale_pos_weight=1, subsample=1,
              tree_method='exact', validate_parameters=1, verbosity=None)",37,"['A_1_pos_loss_missing', 'A_1_pos_win_missing', 'A_ot_loss_missing', 'A_ot_win_missing', 'A_PlayIn', 'B_1_pos_loss_missing', 'B_1_pos_win_missing', 'B_ot_loss_missing', 'B_ot_win_missing', 'B_PlayIn', 'A_Loc_A', 'A_Loc_H', '1_pos_game_ratio_diff', '1_pos_win_ratio_diff', 'Seed_diff', 'away_win_ratio_diff', 'home_win_ratio_diff', 'max_loss_diff_diff', 'max_win_diff_diff', 'mean_diff_diff', 'mean_papg_diff', 'mean_ppg_diff', 'neutral_win_ratio_diff', 'num_games_diff', 'ot_ratio_diff', 'ot_win_ratio_diff', 'recent_mean_pts_against_diff', 'recent_mean_pts_for_diff', 'recent_mean_score_diff_diff', 'recent_std_pts_against_diff', 'recent_std_pts_for_diff', 'recent_std_score_diff_diff', 'recent_win_ratio_diff', 'std_diff_diff', 'std_papg_diff', 'std_ppg_diff', 'win_ratio_diff']",5,2.2204460492503136e-16,9.03883519672819,1.0,0.7492253324282234
W,A_Win,SVC(),62,"['A_1_pos_game_ratio', 'A_1_pos_loss_missing', 'A_1_pos_win_missing', 'A_1_pos_win_ratio', 'A_PlayIn', 'A_Seed', 'A_away_win_ratio', 'A_home_win_ratio', 'A_max_loss_diff', 'A_max_win_diff', 'A_mean_diff', 'A_mean_papg', 'A_mean_ppg', 'A_neutral_win_ratio', 'A_num_games', 'A_ot_loss_missing', 'A_ot_ratio', 'A_ot_win_missing', 'A_ot_win_ratio', 'A_recent_mean_pts_against', 'A_recent_mean_pts_for', 'A_recent_mean_score_diff', 'A_recent_std_pts_against', 'A_recent_std_pts_for', 'A_recent_std_score_diff', 'A_recent_win_ratio', 'A_std_diff', 'A_std_papg', 'A_std_ppg', 'A_win_ratio', 'B_1_pos_game_ratio', 'B_1_pos_loss_missing', 'B_1_pos_win_missing', 'B_1_pos_win_ratio', 'B_PlayIn', 'B_Seed', 'B_away_win_ratio', 'B_home_win_ratio', 'B_max_loss_diff', 'B_max_win_diff', 'B_mean_diff', 'B_mean_papg', 'B_mean_ppg', 'B_neutral_win_ratio', 'B_num_games', 'B_ot_loss_missing', 'B_ot_ratio', 'B_ot_win_missing', 'B_ot_win_ratio', 'B_recent_mean_pts_against', 'B_recent_mean_pts_for', 'B_recent_mean_score_diff', 'B_recent_std_pts_against', 'B_recent_std_pts_for', 'B_recent_std_score_diff', 'B_recent_win_ratio', 'B_std_diff', 'B_std_papg', 'B_std_ppg', 'B_win_ratio', 'A_Loc_A', 'A_Loc_H']",5,6.39815508564727,8.33316082637783,0.8224887189826573,0.7688036577087409
W,A_Win,SVC(),37,"['A_1_pos_loss_missing', 'A_1_pos_win_missing', 'A_ot_loss_missing', 'A_ot_win_missing', 'A_PlayIn', 'B_1_pos_loss_missing', 'B_1_pos_win_missing', 'B_ot_loss_missing', 'B_ot_win_missing', 'B_PlayIn', 'A_Loc_A', 'A_Loc_H', '1_pos_game_ratio_diff', '1_pos_win_ratio_diff', 'Seed_diff', 'away_win_ratio_diff', 'home_win_ratio_diff', 'max_loss_diff_diff', 'max_win_diff_diff', 'mean_diff_diff', 'mean_papg_diff', 'mean_ppg_diff', 'neutral_win_ratio_diff', 'num_games_diff', 'ot_ratio_diff', 'ot_win_ratio_diff', 'recent_mean_pts_against_diff', 'recent_mean_pts_for_diff', 'recent_mean_score_diff_diff', 'recent_std_pts_against_diff', 'recent_std_pts_for_diff', 'recent_std_score_diff_diff', 'recent_win_ratio_diff', 'std_diff_diff', 'std_papg_diff', 'std_ppg_diff', 'win_ratio_diff']",5,6.973092907955163,8.72025265159857,0.8065375661929824,0.7580641296969214
W,A_Win,KNeighborsClassifier(n_jobs=-1),62,"['A_1_pos_game_ratio', 'A_1_pos_loss_missing', 'A_1_pos_win_missing', 'A_1_pos_win_ratio', 'A_PlayIn', 'A_Seed', 'A_away_win_ratio', 'A_home_win_ratio', 'A_max_loss_diff', 'A_max_win_diff', 'A_mean_diff', 'A_mean_papg', 'A_mean_ppg', 'A_neutral_win_ratio', 'A_num_games', 'A_ot_loss_missing', 'A_ot_ratio', 'A_ot_win_missing', 'A_ot_win_ratio', 'A_recent_mean_pts_against', 'A_recent_mean_pts_for', 'A_recent_mean_score_diff', 'A_recent_std_pts_against', 'A_recent_std_pts_for', 'A_recent_std_score_diff', 'A_recent_win_ratio', 'A_std_diff', 'A_std_papg', 'A_std_ppg', 'A_win_ratio', 'B_1_pos_game_ratio', 'B_1_pos_loss_missing', 'B_1_pos_win_missing', 'B_1_pos_win_ratio', 'B_PlayIn', 'B_Seed', 'B_away_win_ratio', 'B_home_win_ratio', 'B_max_loss_diff', 'B_max_win_diff', 'B_mean_diff', 'B_mean_papg', 'B_mean_ppg', 'B_neutral_win_ratio', 'B_num_games', 'B_ot_loss_missing', 'B_ot_ratio', 'B_ot_win_missing', 'B_ot_win_ratio', 'B_recent_mean_pts_against', 'B_recent_mean_pts_for', 'B_recent_mean_score_diff', 'B_recent_std_pts_against', 'B_recent_std_pts_for', 'B_recent_std_score_diff', 'B_recent_win_ratio', 'B_std_diff', 'B_std_papg', 'B_std_ppg', 'B_win_ratio', 'A_Loc_A', 'A_Loc_H']",5,7.217813374133009,10.92960497100776,0.7997480084437745,0.696767559797149
W,A_Win,KNeighborsClassifier(n_jobs=-1),37,"['A_1_pos_loss_missing', 'A_1_pos_win_missing', 'A_ot_loss_missing', 'A_ot_win_missing', 'A_PlayIn', 'B_1_pos_loss_missing', 'B_1_pos_win_missing', 'B_ot_loss_missing', 'B_ot_win_missing', 'B_PlayIn', 'A_Loc_A', 'A_Loc_H', '1_pos_game_ratio_diff', '1_pos_win_ratio_diff', 'Seed_diff', 'away_win_ratio_diff', 'home_win_ratio_diff', 'max_loss_diff_diff', 'max_win_diff_diff', 'mean_diff_diff', 'mean_papg_diff', 'mean_ppg_diff', 'neutral_win_ratio_diff', 'num_games_diff', 'ot_ratio_diff', 'ot_win_ratio_diff', 'recent_mean_pts_against_diff', 'recent_mean_pts_for_diff', 'recent_mean_score_diff_diff', 'recent_std_pts_against_diff', 'recent_std_pts_for_diff', 'recent_std_score_diff_diff', 'recent_win_ratio_diff', 'std_diff_diff', 'std_papg_diff', 'std_ppg_diff', 'win_ratio_diff']",5,7.246211967888684,10.700832910703474,0.7989601140133988,0.7031146428143593
M,A_Win,"LogisticRegression(n_jobs=-1, random_state=0)",68,"['Season', 'A_PlayIn', 'B_PlayIn', 'A_max_win_diff', 'A_max_loss_diff', 'A_num_games', 'A_win_ratio', 'A_mean_ppg', 'A_mean_papg', 'A_std_ppg', 'A_std_papg', 'A_mean_diff', 'A_std_diff', 'A_home_win_ratio', 'A_away_win_ratio', 'A_neutral_win_ratio', 'A_1_pos_win_missing', 'A_1_pos_loss_missing', 'A_ot_win_missing', 'A_ot_loss_missing', 'A_1_pos_game_ratio', 'A_1_pos_win_ratio', 'A_ot_ratio', 'A_ot_win_ratio', 'A_recent_win_ratio', 'A_recent_mean_pts_for', 'A_recent_mean_pts_against', 'A_recent_mean_score_diff', 'A_recent_std_pts_for', 'A_recent_std_pts_against', 'A_recent_std_score_diff', 'B_max_win_diff', 'B_max_loss_diff', 'B_num_games', 'B_win_ratio', 'B_mean_ppg', 'B_mean_papg', 'B_std_ppg', 'B_std_papg', 'B_mean_diff', 'B_std_diff', 'B_home_win_ratio', 'B_away_win_ratio', 'B_neutral_win_ratio', 'B_1_pos_win_missing', 'B_1_pos_loss_missing', 'B_ot_win_missing', 'B_ot_loss_missing', 'B_1_pos_game_ratio', 'B_1_pos_win_ratio', 'B_ot_ratio', 'B_ot_win_ratio', 'B_recent_win_ratio', 'B_recent_mean_pts_for', 'B_recent_mean_pts_against', 'B_recent_mean_score_diff', 'B_recent_std_pts_for', 'B_recent_std_pts_against', 'B_recent_std_score_diff', 'A_seed_win_prob', 'B_seed_win_prob', 'A_Loc_A', 'A_Loc_H', 'round_2', 'round_3', 'round_4', 'round_5', 'round_6']",5,9.688696012125515,11.793835006673214,0.7311955059735739,0.6727902446694211
M,A_Win,"LogisticRegression(n_jobs=-1, random_state=0)",43,"['Season', 'A_1_pos_loss_missing', 'A_1_pos_win_missing', 'A_ot_loss_missing', 'A_ot_win_missing', 'A_PlayIn', 'B_1_pos_loss_missing', 'B_1_pos_win_missing', 'B_ot_loss_missing', 'B_ot_win_missing', 'B_PlayIn', 'A_Loc_A', 'A_Loc_H', 'round_2', 'round_3', 'round_4', 'round_5', 'round_6', '1_pos_game_ratio_diff', '1_pos_win_ratio_diff', 'away_win_ratio_diff', 'home_win_ratio_diff', 'max_loss_diff_diff', 'max_win_diff_diff', 'mean_diff_diff', 'mean_papg_diff', 'mean_ppg_diff', 'neutral_win_ratio_diff', 'num_games_diff', 'ot_ratio_diff', 'ot_win_ratio_diff', 'recent_mean_pts_against_diff', 'recent_mean_pts_for_diff', 'recent_mean_score_diff_diff', 'recent_std_pts_against_diff', 'recent_std_pts_for_diff', 'recent_std_score_diff_diff', 'recent_win_ratio_diff', 'std_diff_diff', 'std_papg_diff', 'std_ppg_diff', 'win_ratio_diff', 'seed_win_prob_diff']",5,9.956033714067742,11.824185966105004,0.7237784525729065,0.6719481835413736
M,A_Win,RandomForestClassifier(n_jobs=-1),68,"['Season', 'A_PlayIn', 'B_PlayIn', 'A_max_win_diff', 'A_max_loss_diff', 'A_num_games', 'A_win_ratio', 'A_mean_ppg', 'A_mean_papg', 'A_std_ppg', 'A_std_papg', 'A_mean_diff', 'A_std_diff', 'A_home_win_ratio', 'A_away_win_ratio', 'A_neutral_win_ratio', 'A_1_pos_win_missing', 'A_1_pos_loss_missing', 'A_ot_win_missing', 'A_ot_loss_missing', 'A_1_pos_game_ratio', 'A_1_pos_win_ratio', 'A_ot_ratio', 'A_ot_win_ratio', 'A_recent_win_ratio', 'A_recent_mean_pts_for', 'A_recent_mean_pts_against', 'A_recent_mean_score_diff', 'A_recent_std_pts_for', 'A_recent_std_pts_against', 'A_recent_std_score_diff', 'B_max_win_diff', 'B_max_loss_diff', 'B_num_games', 'B_win_ratio', 'B_mean_ppg', 'B_mean_papg', 'B_std_ppg', 'B_std_papg', 'B_mean_diff', 'B_std_diff', 'B_home_win_ratio', 'B_away_win_ratio', 'B_neutral_win_ratio', 'B_1_pos_win_missing', 'B_1_pos_loss_missing', 'B_ot_win_missing', 'B_ot_loss_missing', 'B_1_pos_game_ratio', 'B_1_pos_win_ratio', 'B_ot_ratio', 'B_ot_win_ratio', 'B_recent_win_ratio', 'B_recent_mean_pts_for', 'B_recent_mean_pts_against', 'B_recent_mean_score_diff', 'B_recent_std_pts_for', 'B_recent_std_pts_against', 'B_recent_std_score_diff', 'A_seed_win_prob', 'B_seed_win_prob', 'A_Loc_A', 'A_Loc_H', 'round_2', 'round_3', 'round_4', 'round_5', 'round_6']",5,2.2204460492503136e-16,12.622504355474817,1.0,0.6497995300530219
M,A_Win,RandomForestClassifier(n_jobs=-1),43,"['Season', 'A_1_pos_loss_missing', 'A_1_pos_win_missing', 'A_ot_loss_missing', 'A_ot_win_missing', 'A_PlayIn', 'B_1_pos_loss_missing', 'B_1_pos_win_missing', 'B_ot_loss_missing', 'B_ot_win_missing', 'B_PlayIn', 'A_Loc_A', 'A_Loc_H', 'round_2', 'round_3', 'round_4', 'round_5', 'round_6', '1_pos_game_ratio_diff', '1_pos_win_ratio_diff', 'away_win_ratio_diff', 'home_win_ratio_diff', 'max_loss_diff_diff', 'max_win_diff_diff', 'mean_diff_diff', 'mean_papg_diff', 'mean_ppg_diff', 'neutral_win_ratio_diff', 'num_games_diff', 'ot_ratio_diff', 'ot_win_ratio_diff', 'recent_mean_pts_against_diff', 'recent_mean_pts_for_diff', 'recent_mean_score_diff_diff', 'recent_std_pts_against_diff', 'recent_std_pts_for_diff', 'recent_std_score_diff_diff', 'recent_win_ratio_diff', 'std_diff_diff', 'std_papg_diff', 'std_ppg_diff', 'win_ratio_diff', 'seed_win_prob_diff']",5,2.2204460492503136e-16,12.396477864021673,1.0,0.6560704396362715
M,A_Win,"XGBClassifier(base_score=0.5, booster='gbtree', colsample_bylevel=1,
              colsample_bynode=1, colsample_bytree=1, gamma=0, gpu_id=-1,
              importance_type='gain', interaction_constraints='',
              learning_rate=0.300000012, max_delta_step=0, max_depth=6,
              min_child_weight=1, missing=nan, monotone_constraints='()',
              n_estimators=100, n_jobs=-1, num_parallel_tree=1, random_state=0,
              reg_alpha=0, reg_lambda=1, scale_pos_weight=1, subsample=1,
              tree_method='exact', validate_parameters=1, verbosity=None)",68,"['Season', 'A_PlayIn', 'B_PlayIn', 'A_max_win_diff', 'A_max_loss_diff', 'A_num_games', 'A_win_ratio', 'A_mean_ppg', 'A_mean_papg', 'A_std_ppg', 'A_std_papg', 'A_mean_diff', 'A_std_diff', 'A_home_win_ratio', 'A_away_win_ratio', 'A_neutral_win_ratio', 'A_1_pos_win_missing', 'A_1_pos_loss_missing', 'A_ot_win_missing', 'A_ot_loss_missing', 'A_1_pos_game_ratio', 'A_1_pos_win_ratio', 'A_ot_ratio', 'A_ot_win_ratio', 'A_recent_win_ratio', 'A_recent_mean_pts_for', 'A_recent_mean_pts_against', 'A_recent_mean_score_diff', 'A_recent_std_pts_for', 'A_recent_std_pts_against', 'A_recent_std_score_diff', 'B_max_win_diff', 'B_max_loss_diff', 'B_num_games', 'B_win_ratio', 'B_mean_ppg', 'B_mean_papg', 'B_std_ppg', 'B_std_papg', 'B_mean_diff', 'B_std_diff', 'B_home_win_ratio', 'B_away_win_ratio', 'B_neutral_win_ratio', 'B_1_pos_win_missing', 'B_1_pos_loss_missing', 'B_ot_win_missing', 'B_ot_loss_missing', 'B_1_pos_game_ratio', 'B_1_pos_win_ratio', 'B_ot_ratio', 'B_ot_win_ratio', 'B_recent_win_ratio', 'B_recent_mean_pts_for', 'B_recent_mean_pts_against', 'B_recent_mean_score_diff', 'B_recent_std_pts_for', 'B_recent_std_pts_against', 'B_recent_std_score_diff', 'A_seed_win_prob', 'B_seed_win_prob', 'A_Loc_A', 'A_Loc_H', 'round_2', 'round_3', 'round_4', 'round_5', 'round_6']",5,2.2204460492503136e-16,12.908099327472513,1.0,0.64187594447987
M,A_Win,"XGBClassifier(base_score=0.5, booster='gbtree', colsample_bylevel=1,
              colsample_bynode=1, colsample_bytree=1, gamma=0, gpu_id=-1,
              importance_type='gain', interaction_constraints='',
              learning_rate=0.300000012, max_delta_step=0, max_depth=6,
              min_child_weight=1, missing=nan, monotone_constraints='()',
              n_estimators=100, n_jobs=-1, num_parallel_tree=1, random_state=0,
              reg_alpha=0, reg_lambda=1, scale_pos_weight=1, subsample=1,
              tree_method='exact', validate_parameters=1, verbosity=None)",43,"['Season', 'A_1_pos_loss_missing', 'A_1_pos_win_missing', 'A_ot_loss_missing', 'A_ot_win_missing', 'A_PlayIn', 'B_1_pos_loss_missing', 'B_1_pos_win_missing', 'B_ot_loss_missing', 'B_ot_win_missing', 'B_PlayIn', 'A_Loc_A', 'A_Loc_H', 'round_2', 'round_3', 'round_4', 'round_5', 'round_6', '1_pos_game_ratio_diff', '1_pos_win_ratio_diff', 'away_win_ratio_diff', 'home_win_ratio_diff', 'max_loss_diff_diff', 'max_win_diff_diff', 'mean_diff_diff', 'mean_papg_diff', 'mean_ppg_diff', 'neutral_win_ratio_diff', 'num_games_diff', 'ot_ratio_diff', 'ot_win_ratio_diff', 'recent_mean_pts_against_diff', 'recent_mean_pts_for_diff', 'recent_mean_score_diff_diff', 'recent_std_pts_against_diff', 'recent_std_pts_for_diff', 'recent_std_score_diff_diff', 'recent_win_ratio_diff', 'std_diff_diff', 'std_papg_diff', 'std_ppg_diff', 'win_ratio_diff', 'seed_win_prob_diff']",5,2.2204460492503136e-16,13.073959134823834,1.0,0.6372743075270133
M,A_Win,SVC(),68,"['Season', 'A_PlayIn', 'B_PlayIn', 'A_max_win_diff', 'A_max_loss_diff', 'A_num_games', 'A_win_ratio', 'A_mean_ppg', 'A_mean_papg', 'A_std_ppg', 'A_std_papg', 'A_mean_diff', 'A_std_diff', 'A_home_win_ratio', 'A_away_win_ratio', 'A_neutral_win_ratio', 'A_1_pos_win_missing', 'A_1_pos_loss_missing', 'A_ot_win_missing', 'A_ot_loss_missing', 'A_1_pos_game_ratio', 'A_1_pos_win_ratio', 'A_ot_ratio', 'A_ot_win_ratio', 'A_recent_win_ratio', 'A_recent_mean_pts_for', 'A_recent_mean_pts_against', 'A_recent_mean_score_diff', 'A_recent_std_pts_for', 'A_recent_std_pts_against', 'A_recent_std_score_diff', 'B_max_win_diff', 'B_max_loss_diff', 'B_num_games', 'B_win_ratio', 'B_mean_ppg', 'B_mean_papg', 'B_std_ppg', 'B_std_papg', 'B_mean_diff', 'B_std_diff', 'B_home_win_ratio', 'B_away_win_ratio', 'B_neutral_win_ratio', 'B_1_pos_win_missing', 'B_1_pos_loss_missing', 'B_ot_win_missing', 'B_ot_loss_missing', 'B_1_pos_game_ratio', 'B_1_pos_win_ratio', 'B_ot_ratio', 'B_ot_win_ratio', 'B_recent_win_ratio', 'B_recent_mean_pts_for', 'B_recent_mean_pts_against', 'B_recent_mean_score_diff', 'B_recent_std_pts_for', 'B_recent_std_pts_against', 'B_recent_std_score_diff', 'A_seed_win_prob', 'B_seed_win_prob', 'A_Loc_A', 'A_Loc_H', 'round_2', 'round_3', 'round_4', 'round_5', 'round_6']",5,8.44229093867639,12.139880022352486,0.7657759370967259,0.6631895248993283
M,A_Win,SVC(),43,"['Season', 'A_1_pos_loss_missing', 'A_1_pos_win_missing', 'A_ot_loss_missing', 'A_ot_win_missing', 'A_PlayIn', 'B_1_pos_loss_missing', 'B_1_pos_win_missing', 'B_ot_loss_missing', 'B_ot_win_missing', 'B_PlayIn', 'A_Loc_A', 'A_Loc_H', 'round_2', 'round_3', 'round_4', 'round_5', 'round_6', '1_pos_game_ratio_diff', '1_pos_win_ratio_diff', 'away_win_ratio_diff', 'home_win_ratio_diff', 'max_loss_diff_diff', 'max_win_diff_diff', 'mean_diff_diff', 'mean_papg_diff', 'mean_ppg_diff', 'neutral_win_ratio_diff', 'num_games_diff', 'ot_ratio_diff', 'ot_win_ratio_diff', 'recent_mean_pts_against_diff', 'recent_mean_pts_for_diff', 'recent_mean_score_diff_diff', 'recent_std_pts_against_diff', 'recent_std_pts_for_diff', 'recent_std_score_diff_diff', 'recent_win_ratio_diff', 'std_diff_diff', 'std_papg_diff', 'std_ppg_diff', 'win_ratio_diff', 'seed_win_prob_diff']",5,8.905471222748265,11.899150317149708,0.7529254005800329,0.669868362435688
M,A_Win,KNeighborsClassifier(n_jobs=-1),68,"['Season', 'A_PlayIn', 'B_PlayIn', 'A_max_win_diff', 'A_max_loss_diff', 'A_num_games', 'A_win_ratio', 'A_mean_ppg', 'A_mean_papg', 'A_std_ppg', 'A_std_papg', 'A_mean_diff', 'A_std_diff', 'A_home_win_ratio', 'A_away_win_ratio', 'A_neutral_win_ratio', 'A_1_pos_win_missing', 'A_1_pos_loss_missing', 'A_ot_win_missing', 'A_ot_loss_missing', 'A_1_pos_game_ratio', 'A_1_pos_win_ratio', 'A_ot_ratio', 'A_ot_win_ratio', 'A_recent_win_ratio', 'A_recent_mean_pts_for', 'A_recent_mean_pts_against', 'A_recent_mean_score_diff', 'A_recent_std_pts_for', 'A_recent_std_pts_against', 'A_recent_std_score_diff', 'B_max_win_diff', 'B_max_loss_diff', 'B_num_games', 'B_win_ratio', 'B_mean_ppg', 'B_mean_papg', 'B_std_ppg', 'B_std_papg', 'B_mean_diff', 'B_std_diff', 'B_home_win_ratio', 'B_away_win_ratio', 'B_neutral_win_ratio', 'B_1_pos_win_missing', 'B_1_pos_loss_missing', 'B_ot_win_missing', 'B_ot_loss_missing', 'B_1_pos_game_ratio', 'B_1_pos_win_ratio', 'B_ot_ratio', 'B_ot_win_ratio', 'B_recent_win_ratio', 'B_recent_mean_pts_for', 'B_recent_mean_pts_against', 'B_recent_mean_score_diff', 'B_recent_std_pts_for', 'B_recent_std_pts_against', 'B_recent_std_score_diff', 'A_seed_win_prob', 'B_seed_win_prob', 'A_Loc_A', 'A_Loc_H', 'round_2', 'round_3', 'round_4', 'round_5', 'round_6']",5,8.099644598069347,14.474479599973597,0.7752823635654282,0.5984180781090311
M,A_Win,KNeighborsClassifier(n_jobs=-1),43,"['Season', 'A_1_pos_loss_missing', 'A_1_pos_win_missing', 'A_ot_loss_missing', 'A_ot_win_missing', 'A_PlayIn', 'B_1_pos_loss_missing', 'B_1_pos_win_missing', 'B_ot_loss_missing', 'B_ot_win_missing', 'B_PlayIn', 'A_Loc_A', 'A_Loc_H', 'round_2', 'round_3', 'round_4', 'round_5', 'round_6', '1_pos_game_ratio_diff', '1_pos_win_ratio_diff', 'away_win_ratio_diff', 'home_win_ratio_diff', 'max_loss_diff_diff', 'max_win_diff_diff', 'mean_diff_diff', 'mean_papg_diff', 'mean_ppg_diff', 'neutral_win_ratio_diff', 'num_games_diff', 'ot_ratio_diff', 'ot_win_ratio_diff', 'recent_mean_pts_against_diff', 'recent_mean_pts_for_diff', 'recent_mean_score_diff_diff', 'recent_std_pts_against_diff', 'recent_std_pts_for_diff', 'recent_std_score_diff_diff', 'recent_win_ratio_diff', 'std_diff_diff', 'std_papg_diff', 'std_ppg_diff', 'win_ratio_diff', 'seed_win_prob_diff']",5,8.129739732405065,14.278804067952246,0.7744474000834854,0.6038469265642334
W,A_Win,"LogisticRegression(n_jobs=-1, random_state=0)",68,"['Season', 'A_PlayIn', 'B_PlayIn', 'A_max_win_diff', 'A_max_loss_diff', 'A_num_games', 'A_win_ratio', 'A_mean_ppg', 'A_mean_papg', 'A_std_ppg', 'A_std_papg', 'A_mean_diff', 'A_std_diff', 'A_home_win_ratio', 'A_away_win_ratio', 'A_neutral_win_ratio', 'A_1_pos_win_missing', 'A_1_pos_loss_missing', 'A_ot_win_missing', 'A_ot_loss_missing', 'A_1_pos_game_ratio', 'A_1_pos_win_ratio', 'A_ot_ratio', 'A_ot_win_ratio', 'A_recent_win_ratio', 'A_recent_mean_pts_for', 'A_recent_mean_pts_against', 'A_recent_mean_score_diff', 'A_recent_std_pts_for', 'A_recent_std_pts_against', 'A_recent_std_score_diff', 'B_max_win_diff', 'B_max_loss_diff', 'B_num_games', 'B_win_ratio', 'B_mean_ppg', 'B_mean_papg', 'B_std_ppg', 'B_std_papg', 'B_mean_diff', 'B_std_diff', 'B_home_win_ratio', 'B_away_win_ratio', 'B_neutral_win_ratio', 'B_1_pos_win_missing', 'B_1_pos_loss_missing', 'B_ot_win_missing', 'B_ot_loss_missing', 'B_1_pos_game_ratio', 'B_1_pos_win_ratio', 'B_ot_ratio', 'B_ot_win_ratio', 'B_recent_win_ratio', 'B_recent_mean_pts_for', 'B_recent_mean_pts_against', 'B_recent_mean_score_diff', 'B_recent_std_pts_for', 'B_recent_std_pts_against', 'B_recent_std_score_diff', 'A_seed_win_prob', 'B_seed_win_prob', 'A_Loc_A', 'A_Loc_H', 'round_2', 'round_3', 'round_4', 'round_5', 'round_6']",5,7.134354885115728,7.849506738074403,0.802063492063492,0.7822222222222223
W,A_Win,"LogisticRegression(n_jobs=-1, random_state=0)",43,"['Season', 'A_1_pos_loss_missing', 'A_1_pos_win_missing', 'A_ot_loss_missing', 'A_ot_win_missing', 'A_PlayIn', 'B_1_pos_loss_missing', 'B_1_pos_win_missing', 'B_ot_loss_missing', 'B_ot_win_missing', 'B_PlayIn', 'A_Loc_A', 'A_Loc_H', 'round_2', 'round_3', 'round_4', 'round_5', 'round_6', '1_pos_game_ratio_diff', '1_pos_win_ratio_diff', 'away_win_ratio_diff', 'home_win_ratio_diff', 'max_loss_diff_diff', 'max_win_diff_diff', 'mean_diff_diff', 'mean_papg_diff', 'mean_ppg_diff', 'neutral_win_ratio_diff', 'num_games_diff', 'ot_ratio_diff', 'ot_win_ratio_diff', 'recent_mean_pts_against_diff', 'recent_mean_pts_for_diff', 'recent_mean_score_diff_diff', 'recent_std_pts_against_diff', 'recent_std_pts_for_diff', 'recent_std_score_diff_diff', 'recent_win_ratio_diff', 'std_diff_diff', 'std_papg_diff', 'std_ppg_diff', 'win_ratio_diff', 'seed_win_prob_diff']",5,7.054257877584357,7.483348989359561,0.8042857142857143,0.7923809523809524
W,A_Win,RandomForestClassifier(n_jobs=-1),68,"['Season', 'A_PlayIn', 'B_PlayIn', 'A_max_win_diff', 'A_max_loss_diff', 'A_num_games', 'A_win_ratio', 'A_mean_ppg', 'A_mean_papg', 'A_std_ppg', 'A_std_papg', 'A_mean_diff', 'A_std_diff', 'A_home_win_ratio', 'A_away_win_ratio', 'A_neutral_win_ratio', 'A_1_pos_win_missing', 'A_1_pos_loss_missing', 'A_ot_win_missing', 'A_ot_loss_missing', 'A_1_pos_game_ratio', 'A_1_pos_win_ratio', 'A_ot_ratio', 'A_ot_win_ratio', 'A_recent_win_ratio', 'A_recent_mean_pts_for', 'A_recent_mean_pts_against', 'A_recent_mean_score_diff', 'A_recent_std_pts_for', 'A_recent_std_pts_against', 'A_recent_std_score_diff', 'B_max_win_diff', 'B_max_loss_diff', 'B_num_games', 'B_win_ratio', 'B_mean_ppg', 'B_mean_papg', 'B_std_ppg', 'B_std_papg', 'B_mean_diff', 'B_std_diff', 'B_home_win_ratio', 'B_away_win_ratio', 'B_neutral_win_ratio', 'B_1_pos_win_missing', 'B_1_pos_loss_missing', 'B_ot_win_missing', 'B_ot_loss_missing', 'B_1_pos_game_ratio', 'B_1_pos_win_ratio', 'B_ot_ratio', 'B_ot_win_ratio', 'B_recent_win_ratio', 'B_recent_mean_pts_for', 'B_recent_mean_pts_against', 'B_recent_mean_score_diff', 'B_recent_std_pts_for', 'B_recent_std_pts_against', 'B_recent_std_score_diff', 'A_seed_win_prob', 'B_seed_win_prob', 'A_Loc_A', 'A_Loc_H', 'round_2', 'round_3', 'round_4', 'round_5', 'round_6']",5,0.005721214823669612,8.032585612431824,0.9998412698412699,0.777142857142857
W,A_Win,RandomForestClassifier(n_jobs=-1),43,"['Season', 'A_1_pos_loss_missing', 'A_1_pos_win_missing', 'A_ot_loss_missing', 'A_ot_win_missing', 'A_PlayIn', 'B_1_pos_loss_missing', 'B_1_pos_win_missing', 'B_ot_loss_missing', 'B_ot_win_missing', 'B_PlayIn', 'A_Loc_A', 'A_Loc_H', 'round_2', 'round_3', 'round_4', 'round_5', 'round_6', '1_pos_game_ratio_diff', '1_pos_win_ratio_diff', 'away_win_ratio_diff', 'home_win_ratio_diff', 'max_loss_diff_diff', 'max_win_diff_diff', 'mean_diff_diff', 'mean_papg_diff', 'mean_ppg_diff', 'neutral_win_ratio_diff', 'num_games_diff', 'ot_ratio_diff', 'ot_win_ratio_diff', 'recent_mean_pts_against_diff', 'recent_mean_pts_for_diff', 'recent_mean_score_diff_diff', 'recent_std_pts_against_diff', 'recent_std_pts_for_diff', 'recent_std_score_diff_diff', 'recent_win_ratio_diff', 'std_diff_diff', 'std_papg_diff', 'std_ppg_diff', 'win_ratio_diff', 'seed_win_prob_diff']",5,2.2204460492503136e-16,8.009700753137146,1.0,0.7777777777777779
W,A_Win,"XGBClassifier(base_score=0.5, booster='gbtree', colsample_bylevel=1,
              colsample_bynode=1, colsample_bytree=1, gamma=0, gpu_id=-1,
              importance_type='gain', interaction_constraints='',
              learning_rate=0.300000012, max_delta_step=0, max_depth=6,
              min_child_weight=1, missing=nan, monotone_constraints='()',
              n_estimators=100, n_jobs=-1, num_parallel_tree=1, random_state=0,
              reg_alpha=0, reg_lambda=1, scale_pos_weight=1, subsample=1,
              tree_method='exact', validate_parameters=1, verbosity=None)",68,"['Season', 'A_PlayIn', 'B_PlayIn', 'A_max_win_diff', 'A_max_loss_diff', 'A_num_games', 'A_win_ratio', 'A_mean_ppg', 'A_mean_papg', 'A_std_ppg', 'A_std_papg', 'A_mean_diff', 'A_std_diff', 'A_home_win_ratio', 'A_away_win_ratio', 'A_neutral_win_ratio', 'A_1_pos_win_missing', 'A_1_pos_loss_missing', 'A_ot_win_missing', 'A_ot_loss_missing', 'A_1_pos_game_ratio', 'A_1_pos_win_ratio', 'A_ot_ratio', 'A_ot_win_ratio', 'A_recent_win_ratio', 'A_recent_mean_pts_for', 'A_recent_mean_pts_against', 'A_recent_mean_score_diff', 'A_recent_std_pts_for', 'A_recent_std_pts_against', 'A_recent_std_score_diff', 'B_max_win_diff', 'B_max_loss_diff', 'B_num_games', 'B_win_ratio', 'B_mean_ppg', 'B_mean_papg', 'B_std_ppg', 'B_std_papg', 'B_mean_diff', 'B_std_diff', 'B_home_win_ratio', 'B_away_win_ratio', 'B_neutral_win_ratio', 'B_1_pos_win_missing', 'B_1_pos_loss_missing', 'B_ot_win_missing', 'B_ot_loss_missing', 'B_1_pos_game_ratio', 'B_1_pos_win_ratio', 'B_ot_ratio', 'B_ot_win_ratio', 'B_recent_win_ratio', 'B_recent_mean_pts_for', 'B_recent_mean_pts_against', 'B_recent_mean_score_diff', 'B_recent_std_pts_for', 'B_recent_std_pts_against', 'B_recent_std_score_diff', 'A_seed_win_prob', 'B_seed_win_prob', 'A_Loc_A', 'A_Loc_H', 'round_2', 'round_3', 'round_4', 'round_5', 'round_6']",5,2.2204460492503136e-16,8.513167657620052,1.0,0.7638095238095237
W,A_Win,"XGBClassifier(base_score=0.5, booster='gbtree', colsample_bylevel=1,
              colsample_bynode=1, colsample_bytree=1, gamma=0, gpu_id=-1,
              importance_type='gain', interaction_constraints='',
              learning_rate=0.300000012, max_delta_step=0, max_depth=6,
              min_child_weight=1, missing=nan, monotone_constraints='()',
              n_estimators=100, n_jobs=-1, num_parallel_tree=1, random_state=0,
              reg_alpha=0, reg_lambda=1, scale_pos_weight=1, subsample=1,
              tree_method='exact', validate_parameters=1, verbosity=None)",43,"['Season', 'A_1_pos_loss_missing', 'A_1_pos_win_missing', 'A_ot_loss_missing', 'A_ot_win_missing', 'A_PlayIn', 'B_1_pos_loss_missing', 'B_1_pos_win_missing', 'B_ot_loss_missing', 'B_ot_win_missing', 'B_PlayIn', 'A_Loc_A', 'A_Loc_H', 'round_2', 'round_3', 'round_4', 'round_5', 'round_6', '1_pos_game_ratio_diff', '1_pos_win_ratio_diff', 'away_win_ratio_diff', 'home_win_ratio_diff', 'max_loss_diff_diff', 'max_win_diff_diff', 'mean_diff_diff', 'mean_papg_diff', 'mean_ppg_diff', 'neutral_win_ratio_diff', 'num_games_diff', 'ot_ratio_diff', 'ot_win_ratio_diff', 'recent_mean_pts_against_diff', 'recent_mean_pts_for_diff', 'recent_mean_score_diff_diff', 'recent_std_pts_against_diff', 'recent_std_pts_for_diff', 'recent_std_score_diff_diff', 'recent_win_ratio_diff', 'std_diff_diff', 'std_papg_diff', 'std_ppg_diff', 'win_ratio_diff', 'seed_win_prob_diff']",5,2.2204460492503136e-16,9.039519421397635,1.0,0.7492063492063492
W,A_Win,SVC(),68,"['Season', 'A_PlayIn', 'B_PlayIn', 'A_max_win_diff', 'A_max_loss_diff', 'A_num_games', 'A_win_ratio', 'A_mean_ppg', 'A_mean_papg', 'A_std_ppg', 'A_std_papg', 'A_mean_diff', 'A_std_diff', 'A_home_win_ratio', 'A_away_win_ratio', 'A_neutral_win_ratio', 'A_1_pos_win_missing', 'A_1_pos_loss_missing', 'A_ot_win_missing', 'A_ot_loss_missing', 'A_1_pos_game_ratio', 'A_1_pos_win_ratio', 'A_ot_ratio', 'A_ot_win_ratio', 'A_recent_win_ratio', 'A_recent_mean_pts_for', 'A_recent_mean_pts_against', 'A_recent_mean_score_diff', 'A_recent_std_pts_for', 'A_recent_std_pts_against', 'A_recent_std_score_diff', 'B_max_win_diff', 'B_max_loss_diff', 'B_num_games', 'B_win_ratio', 'B_mean_ppg', 'B_mean_papg', 'B_std_ppg', 'B_std_papg', 'B_mean_diff', 'B_std_diff', 'B_home_win_ratio', 'B_away_win_ratio', 'B_neutral_win_ratio', 'B_1_pos_win_missing', 'B_1_pos_loss_missing', 'B_ot_win_missing', 'B_ot_loss_missing', 'B_1_pos_game_ratio', 'B_1_pos_win_ratio', 'B_ot_ratio', 'B_ot_win_ratio', 'B_recent_win_ratio', 'B_recent_mean_pts_for', 'B_recent_mean_pts_against', 'B_recent_mean_score_diff', 'B_recent_std_pts_for', 'B_recent_std_pts_against', 'B_recent_std_score_diff', 'A_seed_win_prob', 'B_seed_win_prob', 'A_Loc_A', 'A_Loc_H', 'round_2', 'round_3', 'round_4', 'round_5', 'round_6']",5,6.241845372623304,7.757967300895691,0.8268253968253969,0.7847619047619048
W,A_Win,SVC(),43,"['Season', 'A_1_pos_loss_missing', 'A_1_pos_win_missing', 'A_ot_loss_missing', 'A_ot_win_missing', 'A_PlayIn', 'B_1_pos_loss_missing', 'B_1_pos_win_missing', 'B_ot_loss_missing', 'B_ot_win_missing', 'B_PlayIn', 'A_Loc_A', 'A_Loc_H', 'round_2', 'round_3', 'round_4', 'round_5', 'round_6', '1_pos_game_ratio_diff', '1_pos_win_ratio_diff', 'away_win_ratio_diff', 'home_win_ratio_diff', 'max_loss_diff_diff', 'max_win_diff_diff', 'mean_diff_diff', 'mean_papg_diff', 'mean_ppg_diff', 'neutral_win_ratio_diff', 'num_games_diff', 'ot_ratio_diff', 'ot_win_ratio_diff', 'recent_mean_pts_against_diff', 'recent_mean_pts_for_diff', 'recent_mean_score_diff_diff', 'recent_std_pts_against_diff', 'recent_std_pts_for_diff', 'recent_std_score_diff_diff', 'recent_win_ratio_diff', 'std_diff_diff', 'std_papg_diff', 'std_ppg_diff', 'win_ratio_diff', 'seed_win_prob_diff']",5,6.402039387686047,7.872391597369081,0.8223809523809523,0.7815873015873015
W,A_Win,KNeighborsClassifier(n_jobs=-1),68,"['Season', 'A_PlayIn', 'B_PlayIn', 'A_max_win_diff', 'A_max_loss_diff', 'A_num_games', 'A_win_ratio', 'A_mean_ppg', 'A_mean_papg', 'A_std_ppg', 'A_std_papg', 'A_mean_diff', 'A_std_diff', 'A_home_win_ratio', 'A_away_win_ratio', 'A_neutral_win_ratio', 'A_1_pos_win_missing', 'A_1_pos_loss_missing', 'A_ot_win_missing', 'A_ot_loss_missing', 'A_1_pos_game_ratio', 'A_1_pos_win_ratio', 'A_ot_ratio', 'A_ot_win_ratio', 'A_recent_win_ratio', 'A_recent_mean_pts_for', 'A_recent_mean_pts_against', 'A_recent_mean_score_diff', 'A_recent_std_pts_for', 'A_recent_std_pts_against', 'A_recent_std_score_diff', 'B_max_win_diff', 'B_max_loss_diff', 'B_num_games', 'B_win_ratio', 'B_mean_ppg', 'B_mean_papg', 'B_std_ppg', 'B_std_papg', 'B_mean_diff', 'B_std_diff', 'B_home_win_ratio', 'B_away_win_ratio', 'B_neutral_win_ratio', 'B_1_pos_win_missing', 'B_1_pos_loss_missing', 'B_ot_win_missing', 'B_ot_loss_missing', 'B_1_pos_game_ratio', 'B_1_pos_win_ratio', 'B_ot_ratio', 'B_ot_win_ratio', 'B_recent_win_ratio', 'B_recent_mean_pts_for', 'B_recent_mean_pts_against', 'B_recent_mean_score_diff', 'B_recent_std_pts_for', 'B_recent_std_pts_against', 'B_recent_std_score_diff', 'A_seed_win_prob', 'B_seed_win_prob', 'A_Loc_A', 'A_Loc_H', 'round_2', 'round_3', 'round_4', 'round_5', 'round_6']",5,6.161748365091932,9.35990745152312,0.8290476190476191,0.7403174603174604
W,A_Win,KNeighborsClassifier(n_jobs=-1),43,"['Season', 'A_1_pos_loss_missing', 'A_1_pos_win_missing', 'A_ot_loss_missing', 'A_ot_win_missing', 'A_PlayIn', 'B_1_pos_loss_missing', 'B_1_pos_win_missing', 'B_ot_loss_missing', 'B_ot_win_missing', 'B_PlayIn', 'A_Loc_A', 'A_Loc_H', 'round_2', 'round_3', 'round_4', 'round_5', 'round_6', '1_pos_game_ratio_diff', '1_pos_win_ratio_diff', 'away_win_ratio_diff', 'home_win_ratio_diff', 'max_loss_diff_diff', 'max_win_diff_diff', 'mean_diff_diff', 'mean_papg_diff', 'mean_ppg_diff', 'neutral_win_ratio_diff', 'num_games_diff', 'ot_ratio_diff', 'ot_win_ratio_diff', 'recent_mean_pts_against_diff', 'recent_mean_pts_for_diff', 'recent_mean_score_diff_diff', 'recent_std_pts_against_diff', 'recent_std_pts_for_diff', 'recent_std_score_diff_diff', 'recent_win_ratio_diff', 'std_diff_diff', 'std_papg_diff', 'std_ppg_diff', 'win_ratio_diff', 'seed_win_prob_diff']",5,6.316221165331005,9.565871185175219,0.8247619047619047,0.7346031746031747
M,A_Win,"LogisticRegression(n_jobs=-1, random_state=0)",70,"['Season', 'A_Seed', 'B_Seed', 'A_PlayIn', 'B_PlayIn', 'A_max_win_diff', 'A_max_loss_diff', 'A_num_games', 'A_win_ratio', 'A_mean_ppg', 'A_mean_papg', 'A_std_ppg', 'A_std_papg', 'A_mean_diff', 'A_std_diff', 'A_home_win_ratio', 'A_away_win_ratio', 'A_neutral_win_ratio', 'A_1_pos_win_missing', 'A_1_pos_loss_missing', 'A_ot_win_missing', 'A_ot_loss_missing', 'A_1_pos_game_ratio', 'A_1_pos_win_ratio', 'A_ot_ratio', 'A_ot_win_ratio', 'A_recent_win_ratio', 'A_recent_mean_pts_for', 'A_recent_mean_pts_against', 'A_recent_mean_score_diff', 'A_recent_std_pts_for', 'A_recent_std_pts_against', 'A_recent_std_score_diff', 'B_max_win_diff', 'B_max_loss_diff', 'B_num_games', 'B_win_ratio', 'B_mean_ppg', 'B_mean_papg', 'B_std_ppg', 'B_std_papg', 'B_mean_diff', 'B_std_diff', 'B_home_win_ratio', 'B_away_win_ratio', 'B_neutral_win_ratio', 'B_1_pos_win_missing', 'B_1_pos_loss_missing', 'B_ot_win_missing', 'B_ot_loss_missing', 'B_1_pos_game_ratio', 'B_1_pos_win_ratio', 'B_ot_ratio', 'B_ot_win_ratio', 'B_recent_win_ratio', 'B_recent_mean_pts_for', 'B_recent_mean_pts_against', 'B_recent_mean_score_diff', 'B_recent_std_pts_for', 'B_recent_std_pts_against', 'B_recent_std_score_diff', 'A_seed_win_prob', 'B_seed_win_prob', 'A_Loc_A', 'A_Loc_H', 'round_2', 'round_3', 'round_4', 'round_5', 'round_6']",5,9.651040709420531,11.914357281263355,0.7322402197904134,0.6694464583642701
M,A_Win,"LogisticRegression(n_jobs=-1, random_state=0)",43,"['Season', 'A_1_pos_loss_missing', 'A_1_pos_win_missing', 'A_ot_loss_missing', 'A_ot_win_missing', 'A_PlayIn', 'B_1_pos_loss_missing', 'B_1_pos_win_missing', 'B_ot_loss_missing', 'B_ot_win_missing', 'B_PlayIn', 'A_Loc_A', 'A_Loc_H', 'round_2', 'round_3', 'round_4', 'round_5', 'round_6', '1_pos_game_ratio_diff', '1_pos_win_ratio_diff', 'away_win_ratio_diff', 'home_win_ratio_diff', 'max_loss_diff_diff', 'max_win_diff_diff', 'mean_diff_diff', 'mean_papg_diff', 'mean_ppg_diff', 'neutral_win_ratio_diff', 'num_games_diff', 'ot_ratio_diff', 'ot_win_ratio_diff', 'recent_mean_pts_against_diff', 'recent_mean_pts_for_diff', 'recent_mean_score_diff_diff', 'recent_std_pts_against_diff', 'recent_std_pts_for_diff', 'recent_std_score_diff_diff', 'recent_win_ratio_diff', 'std_diff_diff', 'std_papg_diff', 'std_ppg_diff', 'win_ratio_diff', 'seed_win_prob_diff']",5,9.956033714067742,11.824185966105004,0.7237784525729065,0.6719481835413736
M,A_Win,RandomForestClassifier(n_jobs=-1),70,"['Season', 'A_Seed', 'B_Seed', 'A_PlayIn', 'B_PlayIn', 'A_max_win_diff', 'A_max_loss_diff', 'A_num_games', 'A_win_ratio', 'A_mean_ppg', 'A_mean_papg', 'A_std_ppg', 'A_std_papg', 'A_mean_diff', 'A_std_diff', 'A_home_win_ratio', 'A_away_win_ratio', 'A_neutral_win_ratio', 'A_1_pos_win_missing', 'A_1_pos_loss_missing', 'A_ot_win_missing', 'A_ot_loss_missing', 'A_1_pos_game_ratio', 'A_1_pos_win_ratio', 'A_ot_ratio', 'A_ot_win_ratio', 'A_recent_win_ratio', 'A_recent_mean_pts_for', 'A_recent_mean_pts_against', 'A_recent_mean_score_diff', 'A_recent_std_pts_for', 'A_recent_std_pts_against', 'A_recent_std_score_diff', 'B_max_win_diff', 'B_max_loss_diff', 'B_num_games', 'B_win_ratio', 'B_mean_ppg', 'B_mean_papg', 'B_std_ppg', 'B_std_papg', 'B_mean_diff', 'B_std_diff', 'B_home_win_ratio', 'B_away_win_ratio', 'B_neutral_win_ratio', 'B_1_pos_win_missing', 'B_1_pos_loss_missing', 'B_ot_win_missing', 'B_ot_loss_missing', 'B_1_pos_game_ratio', 'B_1_pos_win_ratio', 'B_ot_ratio', 'B_ot_win_ratio', 'B_recent_win_ratio', 'B_recent_mean_pts_for', 'B_recent_mean_pts_against', 'B_recent_mean_score_diff', 'B_recent_std_pts_for', 'B_recent_std_pts_against', 'B_recent_std_score_diff', 'A_seed_win_prob', 'B_seed_win_prob', 'A_Loc_A', 'A_Loc_H', 'round_2', 'round_3', 'round_4', 'round_5', 'round_6']",5,2.2204460492503136e-16,12.547036254066096,1.0,0.6518933272770153
M,A_Win,RandomForestClassifier(n_jobs=-1),43,"['Season', 'A_1_pos_loss_missing', 'A_1_pos_win_missing', 'A_ot_loss_missing', 'A_ot_win_missing', 'A_PlayIn', 'B_1_pos_loss_missing', 'B_1_pos_win_missing', 'B_ot_loss_missing', 'B_ot_win_missing', 'B_PlayIn', 'A_Loc_A', 'A_Loc_H', 'round_2', 'round_3', 'round_4', 'round_5', 'round_6', '1_pos_game_ratio_diff', '1_pos_win_ratio_diff', 'away_win_ratio_diff', 'home_win_ratio_diff', 'max_loss_diff_diff', 'max_win_diff_diff', 'mean_diff_diff', 'mean_papg_diff', 'mean_ppg_diff', 'neutral_win_ratio_diff', 'num_games_diff', 'ot_ratio_diff', 'ot_win_ratio_diff', 'recent_mean_pts_against_diff', 'recent_mean_pts_for_diff', 'recent_mean_score_diff_diff', 'recent_std_pts_against_diff', 'recent_std_pts_for_diff', 'recent_std_score_diff_diff', 'recent_win_ratio_diff', 'std_diff_diff', 'std_papg_diff', 'std_ppg_diff', 'win_ratio_diff', 'seed_win_prob_diff']",5,2.2204460492503136e-16,12.396477864021673,1.0,0.6560704396362715
M,A_Win,"XGBClassifier(base_score=0.5, booster='gbtree', colsample_bylevel=1,
              colsample_bynode=1, colsample_bytree=1, gamma=0, gpu_id=-1,
              importance_type='gain', interaction_constraints='',
              learning_rate=0.300000012, max_delta_step=0, max_depth=6,
              min_child_weight=1, missing=nan, monotone_constraints='()',
              n_estimators=100, n_jobs=-1, num_parallel_tree=1, random_state=0,
              reg_alpha=0, reg_lambda=1, scale_pos_weight=1, subsample=1,
              tree_method='exact', validate_parameters=1, verbosity=None)",70,"['Season', 'A_Seed', 'B_Seed', 'A_PlayIn', 'B_PlayIn', 'A_max_win_diff', 'A_max_loss_diff', 'A_num_games', 'A_win_ratio', 'A_mean_ppg', 'A_mean_papg', 'A_std_ppg', 'A_std_papg', 'A_mean_diff', 'A_std_diff', 'A_home_win_ratio', 'A_away_win_ratio', 'A_neutral_win_ratio', 'A_1_pos_win_missing', 'A_1_pos_loss_missing', 'A_ot_win_missing', 'A_ot_loss_missing', 'A_1_pos_game_ratio', 'A_1_pos_win_ratio', 'A_ot_ratio', 'A_ot_win_ratio', 'A_recent_win_ratio', 'A_recent_mean_pts_for', 'A_recent_mean_pts_against', 'A_recent_mean_score_diff', 'A_recent_std_pts_for', 'A_recent_std_pts_against', 'A_recent_std_score_diff', 'B_max_win_diff', 'B_max_loss_diff', 'B_num_games', 'B_win_ratio', 'B_mean_ppg', 'B_mean_papg', 'B_std_ppg', 'B_std_papg', 'B_mean_diff', 'B_std_diff', 'B_home_win_ratio', 'B_away_win_ratio', 'B_neutral_win_ratio', 'B_1_pos_win_missing', 'B_1_pos_loss_missing', 'B_ot_win_missing', 'B_ot_loss_missing', 'B_1_pos_game_ratio', 'B_1_pos_win_ratio', 'B_ot_ratio', 'B_ot_win_ratio', 'B_recent_win_ratio', 'B_recent_mean_pts_for', 'B_recent_mean_pts_against', 'B_recent_mean_score_diff', 'B_recent_std_pts_for', 'B_recent_std_pts_against', 'B_recent_std_score_diff', 'A_seed_win_prob', 'B_seed_win_prob', 'A_Loc_A', 'A_Loc_H', 'round_2', 'round_3', 'round_4', 'round_5', 'round_6']",5,2.2204460492503136e-16,12.908666046632026,1.0,0.6418602213467737
M,A_Win,"XGBClassifier(base_score=0.5, booster='gbtree', colsample_bylevel=1,
              colsample_bynode=1, colsample_bytree=1, gamma=0, gpu_id=-1,
              importance_type='gain', interaction_constraints='',
              learning_rate=0.300000012, max_delta_step=0, max_depth=6,
              min_child_weight=1, missing=nan, monotone_constraints='()',
              n_estimators=100, n_jobs=-1, num_parallel_tree=1, random_state=0,
              reg_alpha=0, reg_lambda=1, scale_pos_weight=1, subsample=1,
              tree_method='exact', validate_parameters=1, verbosity=None)",43,"['Season', 'A_1_pos_loss_missing', 'A_1_pos_win_missing', 'A_ot_loss_missing', 'A_ot_win_missing', 'A_PlayIn', 'B_1_pos_loss_missing', 'B_1_pos_win_missing', 'B_ot_loss_missing', 'B_ot_win_missing', 'B_PlayIn', 'A_Loc_A', 'A_Loc_H', 'round_2', 'round_3', 'round_4', 'round_5', 'round_6', '1_pos_game_ratio_diff', '1_pos_win_ratio_diff', 'away_win_ratio_diff', 'home_win_ratio_diff', 'max_loss_diff_diff', 'max_win_diff_diff', 'mean_diff_diff', 'mean_papg_diff', 'mean_ppg_diff', 'neutral_win_ratio_diff', 'num_games_diff', 'ot_ratio_diff', 'ot_win_ratio_diff', 'recent_mean_pts_against_diff', 'recent_mean_pts_for_diff', 'recent_mean_score_diff_diff', 'recent_std_pts_against_diff', 'recent_std_pts_for_diff', 'recent_std_score_diff_diff', 'recent_win_ratio_diff', 'std_diff_diff', 'std_papg_diff', 'std_ppg_diff', 'win_ratio_diff', 'seed_win_prob_diff']",5,2.2204460492503136e-16,13.073959134823834,1.0,0.6372743075270133
M,A_Win,SVC(),70,"['Season', 'A_Seed', 'B_Seed', 'A_PlayIn', 'B_PlayIn', 'A_max_win_diff', 'A_max_loss_diff', 'A_num_games', 'A_win_ratio', 'A_mean_ppg', 'A_mean_papg', 'A_std_ppg', 'A_std_papg', 'A_mean_diff', 'A_std_diff', 'A_home_win_ratio', 'A_away_win_ratio', 'A_neutral_win_ratio', 'A_1_pos_win_missing', 'A_1_pos_loss_missing', 'A_ot_win_missing', 'A_ot_loss_missing', 'A_1_pos_game_ratio', 'A_1_pos_win_ratio', 'A_ot_ratio', 'A_ot_win_ratio', 'A_recent_win_ratio', 'A_recent_mean_pts_for', 'A_recent_mean_pts_against', 'A_recent_mean_score_diff', 'A_recent_std_pts_for', 'A_recent_std_pts_against', 'A_recent_std_score_diff', 'B_max_win_diff', 'B_max_loss_diff', 'B_num_games', 'B_win_ratio', 'B_mean_ppg', 'B_mean_papg', 'B_std_ppg', 'B_std_papg', 'B_mean_diff', 'B_std_diff', 'B_home_win_ratio', 'B_away_win_ratio', 'B_neutral_win_ratio', 'B_1_pos_win_missing', 'B_1_pos_loss_missing', 'B_ot_win_missing', 'B_ot_loss_missing', 'B_1_pos_game_ratio', 'B_1_pos_win_ratio', 'B_ot_ratio', 'B_ot_win_ratio', 'B_recent_win_ratio', 'B_recent_mean_pts_for', 'B_recent_mean_pts_against', 'B_recent_mean_score_diff', 'B_recent_std_pts_for', 'B_recent_std_pts_against', 'B_recent_std_score_diff', 'A_seed_win_prob', 'B_seed_win_prob', 'A_Loc_A', 'A_Loc_H', 'round_2', 'round_3', 'round_4', 'round_5', 'round_6']",5,8.525130244533171,12.15508698646613,0.7634776321784514,0.6627676208279103
M,A_Win,SVC(),43,"['Season', 'A_1_pos_loss_missing', 'A_1_pos_win_missing', 'A_ot_loss_missing', 'A_ot_win_missing', 'A_PlayIn', 'B_1_pos_loss_missing', 'B_1_pos_win_missing', 'B_ot_loss_missing', 'B_ot_win_missing', 'B_PlayIn', 'A_Loc_A', 'A_Loc_H', 'round_2', 'round_3', 'round_4', 'round_5', 'round_6', '1_pos_game_ratio_diff', '1_pos_win_ratio_diff', 'away_win_ratio_diff', 'home_win_ratio_diff', 'max_loss_diff_diff', 'max_win_diff_diff', 'mean_diff_diff', 'mean_papg_diff', 'mean_ppg_diff', 'neutral_win_ratio_diff', 'num_games_diff', 'ot_ratio_diff', 'ot_win_ratio_diff', 'recent_mean_pts_against_diff', 'recent_mean_pts_for_diff', 'recent_mean_score_diff_diff', 'recent_std_pts_against_diff', 'recent_std_pts_for_diff', 'recent_std_score_diff_diff', 'recent_win_ratio_diff', 'std_diff_diff', 'std_papg_diff', 'std_ppg_diff', 'win_ratio_diff', 'seed_win_prob_diff']",5,8.905471222748265,11.899150317149708,0.7529254005800329,0.669868362435688
M,A_Win,KNeighborsClassifier(n_jobs=-1),70,"['Season', 'A_Seed', 'B_Seed', 'A_PlayIn', 'B_PlayIn', 'A_max_win_diff', 'A_max_loss_diff', 'A_num_games', 'A_win_ratio', 'A_mean_ppg', 'A_mean_papg', 'A_std_ppg', 'A_std_papg', 'A_mean_diff', 'A_std_diff', 'A_home_win_ratio', 'A_away_win_ratio', 'A_neutral_win_ratio', 'A_1_pos_win_missing', 'A_1_pos_loss_missing', 'A_ot_win_missing', 'A_ot_loss_missing', 'A_1_pos_game_ratio', 'A_1_pos_win_ratio', 'A_ot_ratio', 'A_ot_win_ratio', 'A_recent_win_ratio', 'A_recent_mean_pts_for', 'A_recent_mean_pts_against', 'A_recent_mean_score_diff', 'A_recent_std_pts_for', 'A_recent_std_pts_against', 'A_recent_std_score_diff', 'B_max_win_diff', 'B_max_loss_diff', 'B_num_games', 'B_win_ratio', 'B_mean_ppg', 'B_mean_papg', 'B_std_ppg', 'B_std_papg', 'B_mean_diff', 'B_std_diff', 'B_home_win_ratio', 'B_away_win_ratio', 'B_neutral_win_ratio', 'B_1_pos_win_missing', 'B_1_pos_loss_missing', 'B_ot_win_missing', 'B_ot_loss_missing', 'B_1_pos_game_ratio', 'B_1_pos_win_ratio', 'B_ot_ratio', 'B_ot_win_ratio', 'B_recent_win_ratio', 'B_recent_mean_pts_for', 'B_recent_mean_pts_against', 'B_recent_mean_score_diff', 'B_recent_std_pts_for', 'B_recent_std_pts_against', 'B_recent_std_score_diff', 'A_seed_win_prob', 'B_seed_win_prob', 'A_Loc_A', 'A_Loc_H', 'round_2', 'round_3', 'round_4', 'round_5', 'round_6']",5,8.141038683310745,14.278709614758991,0.7741339204596611,0.603849547086416
M,A_Win,KNeighborsClassifier(n_jobs=-1),43,"['Season', 'A_1_pos_loss_missing', 'A_1_pos_win_missing', 'A_ot_loss_missing', 'A_ot_win_missing', 'A_PlayIn', 'B_1_pos_loss_missing', 'B_1_pos_win_missing', 'B_ot_loss_missing', 'B_ot_win_missing', 'B_PlayIn', 'A_Loc_A', 'A_Loc_H', 'round_2', 'round_3', 'round_4', 'round_5', 'round_6', '1_pos_game_ratio_diff', '1_pos_win_ratio_diff', 'away_win_ratio_diff', 'home_win_ratio_diff', 'max_loss_diff_diff', 'max_win_diff_diff', 'mean_diff_diff', 'mean_papg_diff', 'mean_ppg_diff', 'neutral_win_ratio_diff', 'num_games_diff', 'ot_ratio_diff', 'ot_win_ratio_diff', 'recent_mean_pts_against_diff', 'recent_mean_pts_for_diff', 'recent_mean_score_diff_diff', 'recent_std_pts_against_diff', 'recent_std_pts_for_diff', 'recent_std_score_diff_diff', 'recent_win_ratio_diff', 'std_diff_diff', 'std_papg_diff', 'std_ppg_diff', 'win_ratio_diff', 'seed_win_prob_diff']",5,8.129739732405065,14.278804067952246,0.7744474000834854,0.6038469265642334
W,A_Win,"LogisticRegression(n_jobs=-1, random_state=0)",70,"['Season', 'A_Seed', 'B_Seed', 'A_PlayIn', 'B_PlayIn', 'A_max_win_diff', 'A_max_loss_diff', 'A_num_games', 'A_win_ratio', 'A_mean_ppg', 'A_mean_papg', 'A_std_ppg', 'A_std_papg', 'A_mean_diff', 'A_std_diff', 'A_home_win_ratio', 'A_away_win_ratio', 'A_neutral_win_ratio', 'A_1_pos_win_missing', 'A_1_pos_loss_missing', 'A_ot_win_missing', 'A_ot_loss_missing', 'A_1_pos_game_ratio', 'A_1_pos_win_ratio', 'A_ot_ratio', 'A_ot_win_ratio', 'A_recent_win_ratio', 'A_recent_mean_pts_for', 'A_recent_mean_pts_against', 'A_recent_mean_score_diff', 'A_recent_std_pts_for', 'A_recent_std_pts_against', 'A_recent_std_score_diff', 'B_max_win_diff', 'B_max_loss_diff', 'B_num_games', 'B_win_ratio', 'B_mean_ppg', 'B_mean_papg', 'B_std_ppg', 'B_std_papg', 'B_mean_diff', 'B_std_diff', 'B_home_win_ratio', 'B_away_win_ratio', 'B_neutral_win_ratio', 'B_1_pos_win_missing', 'B_1_pos_loss_missing', 'B_ot_win_missing', 'B_ot_loss_missing', 'B_1_pos_game_ratio', 'B_1_pos_win_ratio', 'B_ot_ratio', 'B_ot_win_ratio', 'B_recent_win_ratio', 'B_recent_mean_pts_for', 'B_recent_mean_pts_against', 'B_recent_mean_score_diff', 'B_recent_std_pts_for', 'B_recent_std_pts_against', 'B_recent_std_score_diff', 'A_seed_win_prob', 'B_seed_win_prob', 'A_Loc_A', 'A_Loc_H', 'round_2', 'round_3', 'round_4', 'round_5', 'round_6']",5,7.082863951702704,7.895276456663758,0.8034920634920635,0.7809523809523811
W,A_Win,"LogisticRegression(n_jobs=-1, random_state=0)",43,"['Season', 'A_1_pos_loss_missing', 'A_1_pos_win_missing', 'A_ot_loss_missing', 'A_ot_win_missing', 'A_PlayIn', 'B_1_pos_loss_missing', 'B_1_pos_win_missing', 'B_ot_loss_missing', 'B_ot_win_missing', 'B_PlayIn', 'A_Loc_A', 'A_Loc_H', 'round_2', 'round_3', 'round_4', 'round_5', 'round_6', '1_pos_game_ratio_diff', '1_pos_win_ratio_diff', 'away_win_ratio_diff', 'home_win_ratio_diff', 'max_loss_diff_diff', 'max_win_diff_diff', 'mean_diff_diff', 'mean_papg_diff', 'mean_ppg_diff', 'neutral_win_ratio_diff', 'num_games_diff', 'ot_ratio_diff', 'ot_win_ratio_diff', 'recent_mean_pts_against_diff', 'recent_mean_pts_for_diff', 'recent_mean_score_diff_diff', 'recent_std_pts_against_diff', 'recent_std_pts_for_diff', 'recent_std_score_diff_diff', 'recent_win_ratio_diff', 'std_diff_diff', 'std_papg_diff', 'std_ppg_diff', 'win_ratio_diff', 'seed_win_prob_diff']",5,7.054257877584357,7.483348989359561,0.8042857142857143,0.7923809523809524
W,A_Win,RandomForestClassifier(n_jobs=-1),70,"['Season', 'A_Seed', 'B_Seed', 'A_PlayIn', 'B_PlayIn', 'A_max_win_diff', 'A_max_loss_diff', 'A_num_games', 'A_win_ratio', 'A_mean_ppg', 'A_mean_papg', 'A_std_ppg', 'A_std_papg', 'A_mean_diff', 'A_std_diff', 'A_home_win_ratio', 'A_away_win_ratio', 'A_neutral_win_ratio', 'A_1_pos_win_missing', 'A_1_pos_loss_missing', 'A_ot_win_missing', 'A_ot_loss_missing', 'A_1_pos_game_ratio', 'A_1_pos_win_ratio', 'A_ot_ratio', 'A_ot_win_ratio', 'A_recent_win_ratio', 'A_recent_mean_pts_for', 'A_recent_mean_pts_against', 'A_recent_mean_score_diff', 'A_recent_std_pts_for', 'A_recent_std_pts_against', 'A_recent_std_score_diff', 'B_max_win_diff', 'B_max_loss_diff', 'B_num_games', 'B_win_ratio', 'B_mean_ppg', 'B_mean_papg', 'B_std_ppg', 'B_std_papg', 'B_mean_diff', 'B_std_diff', 'B_home_win_ratio', 'B_away_win_ratio', 'B_neutral_win_ratio', 'B_1_pos_win_missing', 'B_1_pos_loss_missing', 'B_ot_win_missing', 'B_ot_loss_missing', 'B_1_pos_game_ratio', 'B_1_pos_win_ratio', 'B_ot_ratio', 'B_ot_win_ratio', 'B_recent_win_ratio', 'B_recent_mean_pts_for', 'B_recent_mean_pts_against', 'B_recent_mean_score_diff', 'B_recent_std_pts_for', 'B_recent_std_pts_against', 'B_recent_std_score_diff', 'A_seed_win_prob', 'B_seed_win_prob', 'A_Loc_A', 'A_Loc_H', 'round_2', 'round_3', 'round_4', 'round_5', 'round_6']",5,2.2204460492503136e-16,7.986815893842467,1.0,0.7784126984126984
W,A_Win,RandomForestClassifier(n_jobs=-1),43,"['Season', 'A_1_pos_loss_missing', 'A_1_pos_win_missing', 'A_ot_loss_missing', 'A_ot_win_missing', 'A_PlayIn', 'B_1_pos_loss_missing', 'B_1_pos_win_missing', 'B_ot_loss_missing', 'B_ot_win_missing', 'B_PlayIn', 'A_Loc_A', 'A_Loc_H', 'round_2', 'round_3', 'round_4', 'round_5', 'round_6', '1_pos_game_ratio_diff', '1_pos_win_ratio_diff', 'away_win_ratio_diff', 'home_win_ratio_diff', 'max_loss_diff_diff', 'max_win_diff_diff', 'mean_diff_diff', 'mean_papg_diff', 'mean_ppg_diff', 'neutral_win_ratio_diff', 'num_games_diff', 'ot_ratio_diff', 'ot_win_ratio_diff', 'recent_mean_pts_against_diff', 'recent_mean_pts_for_diff', 'recent_mean_score_diff_diff', 'recent_std_pts_against_diff', 'recent_std_pts_for_diff', 'recent_std_score_diff_diff', 'recent_win_ratio_diff', 'std_diff_diff', 'std_papg_diff', 'std_ppg_diff', 'win_ratio_diff', 'seed_win_prob_diff']",5,2.2204460492503136e-16,8.009700753137146,1.0,0.7777777777777779
W,A_Win,"XGBClassifier(base_score=0.5, booster='gbtree', colsample_bylevel=1,
              colsample_bynode=1, colsample_bytree=1, gamma=0, gpu_id=-1,
              importance_type='gain', interaction_constraints='',
              learning_rate=0.300000012, max_delta_step=0, max_depth=6,
              min_child_weight=1, missing=nan, monotone_constraints='()',
              n_estimators=100, n_jobs=-1, num_parallel_tree=1, random_state=0,
              reg_alpha=0, reg_lambda=1, scale_pos_weight=1, subsample=1,
              tree_method='exact', validate_parameters=1, verbosity=None)",70,"['Season', 'A_Seed', 'B_Seed', 'A_PlayIn', 'B_PlayIn', 'A_max_win_diff', 'A_max_loss_diff', 'A_num_games', 'A_win_ratio', 'A_mean_ppg', 'A_mean_papg', 'A_std_ppg', 'A_std_papg', 'A_mean_diff', 'A_std_diff', 'A_home_win_ratio', 'A_away_win_ratio', 'A_neutral_win_ratio', 'A_1_pos_win_missing', 'A_1_pos_loss_missing', 'A_ot_win_missing', 'A_ot_loss_missing', 'A_1_pos_game_ratio', 'A_1_pos_win_ratio', 'A_ot_ratio', 'A_ot_win_ratio', 'A_recent_win_ratio', 'A_recent_mean_pts_for', 'A_recent_mean_pts_against', 'A_recent_mean_score_diff', 'A_recent_std_pts_for', 'A_recent_std_pts_against', 'A_recent_std_score_diff', 'B_max_win_diff', 'B_max_loss_diff', 'B_num_games', 'B_win_ratio', 'B_mean_ppg', 'B_mean_papg', 'B_std_ppg', 'B_std_papg', 'B_mean_diff', 'B_std_diff', 'B_home_win_ratio', 'B_away_win_ratio', 'B_neutral_win_ratio', 'B_1_pos_win_missing', 'B_1_pos_loss_missing', 'B_ot_win_missing', 'B_ot_loss_missing', 'B_1_pos_game_ratio', 'B_1_pos_win_ratio', 'B_ot_ratio', 'B_ot_win_ratio', 'B_recent_win_ratio', 'B_recent_mean_pts_for', 'B_recent_mean_pts_against', 'B_recent_mean_score_diff', 'B_recent_std_pts_for', 'B_recent_std_pts_against', 'B_recent_std_score_diff', 'A_seed_win_prob', 'B_seed_win_prob', 'A_Loc_A', 'A_Loc_H', 'round_2', 'round_3', 'round_4', 'round_5', 'round_6']",5,2.2204460492503136e-16,8.375858501851987,1.0,0.7676190476190475
W,A_Win,"XGBClassifier(base_score=0.5, booster='gbtree', colsample_bylevel=1,
              colsample_bynode=1, colsample_bytree=1, gamma=0, gpu_id=-1,
              importance_type='gain', interaction_constraints='',
              learning_rate=0.300000012, max_delta_step=0, max_depth=6,
              min_child_weight=1, missing=nan, monotone_constraints='()',
              n_estimators=100, n_jobs=-1, num_parallel_tree=1, random_state=0,
              reg_alpha=0, reg_lambda=1, scale_pos_weight=1, subsample=1,
              tree_method='exact', validate_parameters=1, verbosity=None)",43,"['Season', 'A_1_pos_loss_missing', 'A_1_pos_win_missing', 'A_ot_loss_missing', 'A_ot_win_missing', 'A_PlayIn', 'B_1_pos_loss_missing', 'B_1_pos_win_missing', 'B_ot_loss_missing', 'B_ot_win_missing', 'B_PlayIn', 'A_Loc_A', 'A_Loc_H', 'round_2', 'round_3', 'round_4', 'round_5', 'round_6', '1_pos_game_ratio_diff', '1_pos_win_ratio_diff', 'away_win_ratio_diff', 'home_win_ratio_diff', 'max_loss_diff_diff', 'max_win_diff_diff', 'mean_diff_diff', 'mean_papg_diff', 'mean_ppg_diff', 'neutral_win_ratio_diff', 'num_games_diff', 'ot_ratio_diff', 'ot_win_ratio_diff', 'recent_mean_pts_against_diff', 'recent_mean_pts_for_diff', 'recent_mean_score_diff_diff', 'recent_std_pts_against_diff', 'recent_std_pts_for_diff', 'recent_std_score_diff_diff', 'recent_win_ratio_diff', 'std_diff_diff', 'std_papg_diff', 'std_ppg_diff', 'win_ratio_diff', 'seed_win_prob_diff']",5,2.2204460492503136e-16,9.039519421397635,1.0,0.7492063492063492
W,A_Win,SVC(),70,"['Season', 'A_Seed', 'B_Seed', 'A_PlayIn', 'B_PlayIn', 'A_max_win_diff', 'A_max_loss_diff', 'A_num_games', 'A_win_ratio', 'A_mean_ppg', 'A_mean_papg', 'A_std_ppg', 'A_std_papg', 'A_mean_diff', 'A_std_diff', 'A_home_win_ratio', 'A_away_win_ratio', 'A_neutral_win_ratio', 'A_1_pos_win_missing', 'A_1_pos_loss_missing', 'A_ot_win_missing', 'A_ot_loss_missing', 'A_1_pos_game_ratio', 'A_1_pos_win_ratio', 'A_ot_ratio', 'A_ot_win_ratio', 'A_recent_win_ratio', 'A_recent_mean_pts_for', 'A_recent_mean_pts_against', 'A_recent_mean_score_diff', 'A_recent_std_pts_for', 'A_recent_std_pts_against', 'A_recent_std_score_diff', 'B_max_win_diff', 'B_max_loss_diff', 'B_num_games', 'B_win_ratio', 'B_mean_ppg', 'B_mean_papg', 'B_std_ppg', 'B_std_papg', 'B_mean_diff', 'B_std_diff', 'B_home_win_ratio', 'B_away_win_ratio', 'B_neutral_win_ratio', 'B_1_pos_win_missing', 'B_1_pos_loss_missing', 'B_ot_win_missing', 'B_ot_loss_missing', 'B_1_pos_game_ratio', 'B_1_pos_win_ratio', 'B_ot_ratio', 'B_ot_win_ratio', 'B_recent_win_ratio', 'B_recent_mean_pts_for', 'B_recent_mean_pts_against', 'B_recent_mean_score_diff', 'B_recent_std_pts_for', 'B_recent_std_pts_against', 'B_recent_std_score_diff', 'A_seed_win_prob', 'B_seed_win_prob', 'A_Loc_A', 'A_Loc_H', 'round_2', 'round_3', 'round_4', 'round_5', 'round_6']",5,6.224681728152295,7.826621878779726,0.8273015873015874,0.7828571428571429
W,A_Win,SVC(),43,"['Season', 'A_1_pos_loss_missing', 'A_1_pos_win_missing', 'A_ot_loss_missing', 'A_ot_win_missing', 'A_PlayIn', 'B_1_pos_loss_missing', 'B_1_pos_win_missing', 'B_ot_loss_missing', 'B_ot_win_missing', 'B_PlayIn', 'A_Loc_A', 'A_Loc_H', 'round_2', 'round_3', 'round_4', 'round_5', 'round_6', '1_pos_game_ratio_diff', '1_pos_win_ratio_diff', 'away_win_ratio_diff', 'home_win_ratio_diff', 'max_loss_diff_diff', 'max_win_diff_diff', 'mean_diff_diff', 'mean_papg_diff', 'mean_ppg_diff', 'neutral_win_ratio_diff', 'num_games_diff', 'ot_ratio_diff', 'ot_win_ratio_diff', 'recent_mean_pts_against_diff', 'recent_mean_pts_for_diff', 'recent_mean_score_diff_diff', 'recent_std_pts_against_diff', 'recent_std_pts_for_diff', 'recent_std_score_diff_diff', 'recent_win_ratio_diff', 'std_diff_diff', 'std_papg_diff', 'std_ppg_diff', 'win_ratio_diff', 'seed_win_prob_diff']",5,6.402039387686047,7.872391597369081,0.8223809523809523,0.7815873015873015
W,A_Win,KNeighborsClassifier(n_jobs=-1),70,"['Season', 'A_Seed', 'B_Seed', 'A_PlayIn', 'B_PlayIn', 'A_max_win_diff', 'A_max_loss_diff', 'A_num_games', 'A_win_ratio', 'A_mean_ppg', 'A_mean_papg', 'A_std_ppg', 'A_std_papg', 'A_mean_diff', 'A_std_diff', 'A_home_win_ratio', 'A_away_win_ratio', 'A_neutral_win_ratio', 'A_1_pos_win_missing', 'A_1_pos_loss_missing', 'A_ot_win_missing', 'A_ot_loss_missing', 'A_1_pos_game_ratio', 'A_1_pos_win_ratio', 'A_ot_ratio', 'A_ot_win_ratio', 'A_recent_win_ratio', 'A_recent_mean_pts_for', 'A_recent_mean_pts_against', 'A_recent_mean_score_diff', 'A_recent_std_pts_for', 'A_recent_std_pts_against', 'A_recent_std_score_diff', 'B_max_win_diff', 'B_max_loss_diff', 'B_num_games', 'B_win_ratio', 'B_mean_ppg', 'B_mean_papg', 'B_std_ppg', 'B_std_papg', 'B_mean_diff', 'B_std_diff', 'B_home_win_ratio', 'B_away_win_ratio', 'B_neutral_win_ratio', 'B_1_pos_win_missing', 'B_1_pos_loss_missing', 'B_ot_win_missing', 'B_ot_loss_missing', 'B_1_pos_game_ratio', 'B_1_pos_win_ratio', 'B_ot_ratio', 'B_ot_win_ratio', 'B_recent_win_ratio', 'B_recent_mean_pts_for', 'B_recent_mean_pts_against', 'B_recent_mean_score_diff', 'B_recent_std_pts_for', 'B_recent_std_pts_against', 'B_recent_std_score_diff', 'A_seed_win_prob', 'B_seed_win_prob', 'A_Loc_A', 'A_Loc_H', 'round_2', 'round_3', 'round_4', 'round_5', 'round_6']",5,6.035881638971206,9.039519421397635,0.8325396825396826,0.7492063492063492
W,A_Win,KNeighborsClassifier(n_jobs=-1),43,"['Season', 'A_1_pos_loss_missing', 'A_1_pos_win_missing', 'A_ot_loss_missing', 'A_ot_win_missing', 'A_PlayIn', 'B_1_pos_loss_missing', 'B_1_pos_win_missing', 'B_ot_loss_missing', 'B_ot_win_missing', 'B_PlayIn', 'A_Loc_A', 'A_Loc_H', 'round_2', 'round_3', 'round_4', 'round_5', 'round_6', '1_pos_game_ratio_diff', '1_pos_win_ratio_diff', 'away_win_ratio_diff', 'home_win_ratio_diff', 'max_loss_diff_diff', 'max_win_diff_diff', 'mean_diff_diff', 'mean_papg_diff', 'mean_ppg_diff', 'neutral_win_ratio_diff', 'num_games_diff', 'ot_ratio_diff', 'ot_win_ratio_diff', 'recent_mean_pts_against_diff', 'recent_mean_pts_for_diff', 'recent_mean_score_diff_diff', 'recent_std_pts_against_diff', 'recent_std_pts_for_diff', 'recent_std_score_diff_diff', 'recent_win_ratio_diff', 'std_diff_diff', 'std_papg_diff', 'std_ppg_diff', 'win_ratio_diff', 'seed_win_prob_diff']",5,6.316221165331005,9.565871185175219,0.8247619047619047,0.7346031746031747
