Tournament,Label,Model,Num_Features,Features,Num_CV_Folds,Train_R2,Test_R2,Train_RMSE,Test_RMSE,Train_Acc,Test_Acc
M,adj_score_diff,LinearRegression(n_jobs=-1),62,"['A_1_pos_game_ratio', 'A_1_pos_loss_missing', 'A_1_pos_win_missing', 'A_1_pos_win_ratio', 'A_PlayIn', 'A_Seed', 'A_away_win_ratio', 'A_home_win_ratio', 'A_max_loss_diff', 'A_max_win_diff', 'A_mean_diff', 'A_mean_papg', 'A_mean_ppg', 'A_neutral_win_ratio', 'A_num_games', 'A_ot_loss_missing', 'A_ot_ratio', 'A_ot_win_missing', 'A_ot_win_ratio', 'A_recent_mean_pts_against', 'A_recent_mean_pts_for', 'A_recent_mean_score_diff', 'A_recent_std_pts_against', 'A_recent_std_pts_for', 'A_recent_std_score_diff', 'A_recent_win_ratio', 'A_std_diff', 'A_std_papg', 'A_std_ppg', 'A_win_ratio', 'B_1_pos_game_ratio', 'B_1_pos_loss_missing', 'B_1_pos_win_missing', 'B_1_pos_win_ratio', 'B_PlayIn', 'B_Seed', 'B_away_win_ratio', 'B_home_win_ratio', 'B_max_loss_diff', 'B_max_win_diff', 'B_mean_diff', 'B_mean_papg', 'B_mean_ppg', 'B_neutral_win_ratio', 'B_num_games', 'B_ot_loss_missing', 'B_ot_ratio', 'B_ot_win_missing', 'B_ot_win_ratio', 'B_recent_mean_pts_against', 'B_recent_mean_pts_for', 'B_recent_mean_score_diff', 'B_recent_std_pts_against', 'B_recent_std_pts_for', 'B_recent_std_score_diff', 'B_recent_win_ratio', 'B_std_diff', 'B_std_papg', 'B_std_ppg', 'B_win_ratio', 'A_Loc_A', 'A_Loc_H']",5,0.4172538502821316,0.3770137372137109,11.160668126677646,11.509195520166251,0.7173613004610309,0.7115532648904775
M,adj_score_diff,LinearRegression(n_jobs=-1),37,"['A_1_pos_loss_missing', 'A_1_pos_win_missing', 'A_ot_loss_missing', 'A_ot_win_missing', 'A_PlayIn', 'B_1_pos_loss_missing', 'B_1_pos_win_missing', 'B_ot_loss_missing', 'B_ot_win_missing', 'B_PlayIn', 'A_Loc_A', 'A_Loc_H', '1_pos_game_ratio_diff', '1_pos_win_ratio_diff', 'Seed_diff', 'away_win_ratio_diff', 'home_win_ratio_diff', 'max_loss_diff_diff', 'max_win_diff_diff', 'mean_diff_diff', 'mean_papg_diff', 'mean_ppg_diff', 'neutral_win_ratio_diff', 'num_games_diff', 'ot_ratio_diff', 'ot_win_ratio_diff', 'recent_mean_pts_against_diff', 'recent_mean_pts_for_diff', 'recent_mean_score_diff_diff', 'recent_std_pts_against_diff', 'recent_std_pts_for_diff', 'recent_std_score_diff_diff', 'recent_win_ratio_diff', 'std_diff_diff', 'std_papg_diff', 'std_ppg_diff', 'win_ratio_diff']",5,0.4159722972237777,0.3898669204680303,11.173143649380837,11.389649431099212,0.7127711288492959,0.7037998254291533
M,adj_score_diff,RandomForestRegressor(n_jobs=-1),62,"['A_1_pos_game_ratio', 'A_1_pos_loss_missing', 'A_1_pos_win_missing', 'A_1_pos_win_ratio', 'A_PlayIn', 'A_Seed', 'A_away_win_ratio', 'A_home_win_ratio', 'A_max_loss_diff', 'A_max_win_diff', 'A_mean_diff', 'A_mean_papg', 'A_mean_ppg', 'A_neutral_win_ratio', 'A_num_games', 'A_ot_loss_missing', 'A_ot_ratio', 'A_ot_win_missing', 'A_ot_win_ratio', 'A_recent_mean_pts_against', 'A_recent_mean_pts_for', 'A_recent_mean_score_diff', 'A_recent_std_pts_against', 'A_recent_std_pts_for', 'A_recent_std_score_diff', 'A_recent_win_ratio', 'A_std_diff', 'A_std_papg', 'A_std_ppg', 'A_win_ratio', 'B_1_pos_game_ratio', 'B_1_pos_loss_missing', 'B_1_pos_win_missing', 'B_1_pos_win_ratio', 'B_PlayIn', 'B_Seed', 'B_away_win_ratio', 'B_home_win_ratio', 'B_max_loss_diff', 'B_max_win_diff', 'B_mean_diff', 'B_mean_papg', 'B_mean_ppg', 'B_neutral_win_ratio', 'B_num_games', 'B_ot_loss_missing', 'B_ot_ratio', 'B_ot_win_missing', 'B_ot_win_ratio', 'B_recent_mean_pts_against', 'B_recent_mean_pts_for', 'B_recent_mean_score_diff', 'B_recent_std_pts_against', 'B_recent_std_pts_for', 'B_recent_std_score_diff', 'B_recent_win_ratio', 'B_std_diff', 'B_std_papg', 'B_std_ppg', 'B_win_ratio', 'A_Loc_A', 'A_Loc_H']",5,0.9117574368362444,0.3746154897108597,4.342668333213107,11.52666966334888,0.9319662500390262,0.7017540213641464
M,adj_score_diff,RandomForestRegressor(n_jobs=-1),37,"['A_1_pos_loss_missing', 'A_1_pos_win_missing', 'A_ot_loss_missing', 'A_ot_win_missing', 'A_PlayIn', 'B_1_pos_loss_missing', 'B_1_pos_win_missing', 'B_ot_loss_missing', 'B_ot_win_missing', 'B_PlayIn', 'A_Loc_A', 'A_Loc_H', '1_pos_game_ratio_diff', '1_pos_win_ratio_diff', 'Seed_diff', 'away_win_ratio_diff', 'home_win_ratio_diff', 'max_loss_diff_diff', 'max_win_diff_diff', 'mean_diff_diff', 'mean_papg_diff', 'mean_ppg_diff', 'neutral_win_ratio_diff', 'num_games_diff', 'ot_ratio_diff', 'ot_win_ratio_diff', 'recent_mean_pts_against_diff', 'recent_mean_pts_for_diff', 'recent_mean_score_diff_diff', 'recent_std_pts_against_diff', 'recent_std_pts_for_diff', 'recent_std_score_diff_diff', 'recent_win_ratio_diff', 'std_diff_diff', 'std_papg_diff', 'std_ppg_diff', 'win_ratio_diff']",5,0.913480473989986,0.3695730059149748,4.300073765383767,11.567860605198597,0.932273153014393,0.699312523380024
M,adj_score_diff,"XGBRegressor(base_score=0.5, booster='gbtree', colsample_bylevel=1,
             colsample_bynode=1, colsample_bytree=1, gamma=0, gpu_id=-1,
             importance_type='gain', interaction_constraints='',
             learning_rate=0.300000012, max_delta_step=0, max_depth=6,
             min_child_weight=1, missing=nan, monotone_constraints='()',
             n_estimators=100, n_jobs=-1, num_parallel_tree=1, random_state=0,
             reg_alpha=0, reg_lambda=1, scale_pos_weight=1, subsample=1,
             tree_method='exact', validate_parameters=1, verbosity=None)",62,"['A_1_pos_game_ratio', 'A_1_pos_loss_missing', 'A_1_pos_win_missing', 'A_1_pos_win_ratio', 'A_PlayIn', 'A_Seed', 'A_away_win_ratio', 'A_home_win_ratio', 'A_max_loss_diff', 'A_max_win_diff', 'A_mean_diff', 'A_mean_papg', 'A_mean_ppg', 'A_neutral_win_ratio', 'A_num_games', 'A_ot_loss_missing', 'A_ot_ratio', 'A_ot_win_missing', 'A_ot_win_ratio', 'A_recent_mean_pts_against', 'A_recent_mean_pts_for', 'A_recent_mean_score_diff', 'A_recent_std_pts_against', 'A_recent_std_pts_for', 'A_recent_std_score_diff', 'A_recent_win_ratio', 'A_std_diff', 'A_std_papg', 'A_std_ppg', 'A_win_ratio', 'B_1_pos_game_ratio', 'B_1_pos_loss_missing', 'B_1_pos_win_missing', 'B_1_pos_win_ratio', 'B_PlayIn', 'B_Seed', 'B_away_win_ratio', 'B_home_win_ratio', 'B_max_loss_diff', 'B_max_win_diff', 'B_mean_diff', 'B_mean_papg', 'B_mean_ppg', 'B_neutral_win_ratio', 'B_num_games', 'B_ot_loss_missing', 'B_ot_ratio', 'B_ot_win_missing', 'B_ot_win_ratio', 'B_recent_mean_pts_against', 'B_recent_mean_pts_for', 'B_recent_mean_score_diff', 'B_recent_std_pts_against', 'B_recent_std_pts_for', 'B_recent_std_score_diff', 'B_recent_win_ratio', 'B_std_diff', 'B_std_papg', 'B_std_ppg', 'B_win_ratio', 'A_Loc_A', 'A_Loc_H']",5,0.9970013127184983,0.2656245943920486,0.799427152486843,12.49312440429572,0.9934720935799104,0.6609609709464234
M,adj_score_diff,"XGBRegressor(base_score=0.5, booster='gbtree', colsample_bylevel=1,
             colsample_bynode=1, colsample_bytree=1, gamma=0, gpu_id=-1,
             importance_type='gain', interaction_constraints='',
             learning_rate=0.300000012, max_delta_step=0, max_depth=6,
             min_child_weight=1, missing=nan, monotone_constraints='()',
             n_estimators=100, n_jobs=-1, num_parallel_tree=1, random_state=0,
             reg_alpha=0, reg_lambda=1, scale_pos_weight=1, subsample=1,
             tree_method='exact', validate_parameters=1, verbosity=None)",37,"['A_1_pos_loss_missing', 'A_1_pos_win_missing', 'A_ot_loss_missing', 'A_ot_win_missing', 'A_PlayIn', 'B_1_pos_loss_missing', 'B_1_pos_win_missing', 'B_ot_loss_missing', 'B_ot_win_missing', 'B_PlayIn', 'A_Loc_A', 'A_Loc_H', '1_pos_game_ratio_diff', '1_pos_win_ratio_diff', 'Seed_diff', 'away_win_ratio_diff', 'home_win_ratio_diff', 'max_loss_diff_diff', 'max_win_diff_diff', 'mean_diff_diff', 'mean_papg_diff', 'mean_ppg_diff', 'neutral_win_ratio_diff', 'num_games_diff', 'ot_ratio_diff', 'ot_win_ratio_diff', 'recent_mean_pts_against_diff', 'recent_mean_pts_for_diff', 'recent_mean_score_diff_diff', 'recent_std_pts_against_diff', 'recent_std_pts_for_diff', 'recent_std_score_diff_diff', 'recent_win_ratio_diff', 'std_diff_diff', 'std_papg_diff', 'std_ppg_diff', 'win_ratio_diff']",5,0.9948377653602531,0.2815419040148649,1.0480961999186629,12.357205465948214,0.9883717699216352,0.6837998254291533
M,adj_score_diff,SVR(),62,"['A_1_pos_game_ratio', 'A_1_pos_loss_missing', 'A_1_pos_win_missing', 'A_1_pos_win_ratio', 'A_PlayIn', 'A_Seed', 'A_away_win_ratio', 'A_home_win_ratio', 'A_max_loss_diff', 'A_max_win_diff', 'A_mean_diff', 'A_mean_papg', 'A_mean_ppg', 'A_neutral_win_ratio', 'A_num_games', 'A_ot_loss_missing', 'A_ot_ratio', 'A_ot_win_missing', 'A_ot_win_ratio', 'A_recent_mean_pts_against', 'A_recent_mean_pts_for', 'A_recent_mean_score_diff', 'A_recent_std_pts_against', 'A_recent_std_pts_for', 'A_recent_std_score_diff', 'A_recent_win_ratio', 'A_std_diff', 'A_std_papg', 'A_std_ppg', 'A_win_ratio', 'B_1_pos_game_ratio', 'B_1_pos_loss_missing', 'B_1_pos_win_missing', 'B_1_pos_win_ratio', 'B_PlayIn', 'B_Seed', 'B_away_win_ratio', 'B_home_win_ratio', 'B_max_loss_diff', 'B_max_win_diff', 'B_mean_diff', 'B_mean_papg', 'B_mean_ppg', 'B_neutral_win_ratio', 'B_num_games', 'B_ot_loss_missing', 'B_ot_ratio', 'B_ot_win_missing', 'B_ot_win_ratio', 'B_recent_mean_pts_against', 'B_recent_mean_pts_for', 'B_recent_mean_score_diff', 'B_recent_std_pts_against', 'B_recent_std_pts_for', 'B_recent_std_score_diff', 'B_recent_win_ratio', 'B_std_diff', 'B_std_papg', 'B_std_ppg', 'B_win_ratio', 'A_Loc_A', 'A_Loc_H']",5,0.3724839984524927,0.3390522523078679,11.581709774498142,11.85653852778604,0.7200124363870994,0.7054233343031713
M,adj_score_diff,SVR(),37,"['A_1_pos_loss_missing', 'A_1_pos_win_missing', 'A_ot_loss_missing', 'A_ot_win_missing', 'A_PlayIn', 'B_1_pos_loss_missing', 'B_1_pos_win_missing', 'B_ot_loss_missing', 'B_ot_win_missing', 'B_PlayIn', 'A_Loc_A', 'A_Loc_H', '1_pos_game_ratio_diff', '1_pos_win_ratio_diff', 'Seed_diff', 'away_win_ratio_diff', 'home_win_ratio_diff', 'max_loss_diff_diff', 'max_win_diff_diff', 'mean_diff_diff', 'mean_papg_diff', 'mean_ppg_diff', 'neutral_win_ratio_diff', 'num_games_diff', 'ot_ratio_diff', 'ot_win_ratio_diff', 'recent_mean_pts_against_diff', 'recent_mean_pts_for_diff', 'recent_mean_score_diff_diff', 'recent_std_pts_against_diff', 'recent_std_pts_for_diff', 'recent_std_score_diff_diff', 'recent_win_ratio_diff', 'std_diff_diff', 'std_papg_diff', 'std_ppg_diff', 'win_ratio_diff']",5,0.3631614351168257,0.3337999207247431,11.667324114536571,11.903633917374416,0.7145041055687956,0.7037989941394073
M,adj_score_diff,KNeighborsRegressor(n_jobs=-1),62,"['A_1_pos_game_ratio', 'A_1_pos_loss_missing', 'A_1_pos_win_missing', 'A_1_pos_win_ratio', 'A_PlayIn', 'A_Seed', 'A_away_win_ratio', 'A_home_win_ratio', 'A_max_loss_diff', 'A_max_win_diff', 'A_mean_diff', 'A_mean_papg', 'A_mean_ppg', 'A_neutral_win_ratio', 'A_num_games', 'A_ot_loss_missing', 'A_ot_ratio', 'A_ot_win_missing', 'A_ot_win_ratio', 'A_recent_mean_pts_against', 'A_recent_mean_pts_for', 'A_recent_mean_score_diff', 'A_recent_std_pts_against', 'A_recent_std_pts_for', 'A_recent_std_score_diff', 'A_recent_win_ratio', 'A_std_diff', 'A_std_papg', 'A_std_ppg', 'A_win_ratio', 'B_1_pos_game_ratio', 'B_1_pos_loss_missing', 'B_1_pos_win_missing', 'B_1_pos_win_ratio', 'B_PlayIn', 'B_Seed', 'B_away_win_ratio', 'B_home_win_ratio', 'B_max_loss_diff', 'B_max_win_diff', 'B_mean_diff', 'B_mean_papg', 'B_mean_ppg', 'B_neutral_win_ratio', 'B_num_games', 'B_ot_loss_missing', 'B_ot_ratio', 'B_ot_win_missing', 'B_ot_win_ratio', 'B_recent_mean_pts_against', 'B_recent_mean_pts_for', 'B_recent_mean_score_diff', 'B_recent_std_pts_against', 'B_recent_std_pts_for', 'B_recent_std_score_diff', 'B_recent_win_ratio', 'B_std_diff', 'B_std_papg', 'B_std_ppg', 'B_win_ratio', 'A_Loc_A', 'A_Loc_H']",5,0.468786298095294,0.1941262499977563,10.656042933197035,13.093427585952243,0.7436760711423783,0.6421921110603102
M,adj_score_diff,KNeighborsRegressor(n_jobs=-1),37,"['A_1_pos_loss_missing', 'A_1_pos_win_missing', 'A_ot_loss_missing', 'A_ot_win_missing', 'A_PlayIn', 'B_1_pos_loss_missing', 'B_1_pos_win_missing', 'B_ot_loss_missing', 'B_ot_win_missing', 'B_PlayIn', 'A_Loc_A', 'A_Loc_H', '1_pos_game_ratio_diff', '1_pos_win_ratio_diff', 'Seed_diff', 'away_win_ratio_diff', 'home_win_ratio_diff', 'max_loss_diff_diff', 'max_win_diff_diff', 'mean_diff_diff', 'mean_papg_diff', 'mean_ppg_diff', 'neutral_win_ratio_diff', 'num_games_diff', 'ot_ratio_diff', 'ot_win_ratio_diff', 'recent_mean_pts_against_diff', 'recent_mean_pts_for_diff', 'recent_mean_score_diff_diff', 'recent_std_pts_against_diff', 'recent_std_pts_for_diff', 'recent_std_score_diff_diff', 'recent_win_ratio_diff', 'std_diff_diff', 'std_papg_diff', 'std_ppg_diff', 'win_ratio_diff']",5,0.4588798758809663,0.1752303273366596,10.755021976832786,13.244021677339273,0.7357197493989946,0.6360704933704643
W,adj_score_diff,LinearRegression(n_jobs=-1),62,"['A_1_pos_game_ratio', 'A_1_pos_loss_missing', 'A_1_pos_win_missing', 'A_1_pos_win_ratio', 'A_PlayIn', 'A_Seed', 'A_away_win_ratio', 'A_home_win_ratio', 'A_max_loss_diff', 'A_max_win_diff', 'A_mean_diff', 'A_mean_papg', 'A_mean_ppg', 'A_neutral_win_ratio', 'A_num_games', 'A_ot_loss_missing', 'A_ot_ratio', 'A_ot_win_missing', 'A_ot_win_ratio', 'A_recent_mean_pts_against', 'A_recent_mean_pts_for', 'A_recent_mean_score_diff', 'A_recent_std_pts_against', 'A_recent_std_pts_for', 'A_recent_std_score_diff', 'A_recent_win_ratio', 'A_std_diff', 'A_std_papg', 'A_std_ppg', 'A_win_ratio', 'B_1_pos_game_ratio', 'B_1_pos_loss_missing', 'B_1_pos_win_missing', 'B_1_pos_win_ratio', 'B_PlayIn', 'B_Seed', 'B_away_win_ratio', 'B_home_win_ratio', 'B_max_loss_diff', 'B_max_win_diff', 'B_mean_diff', 'B_mean_papg', 'B_mean_ppg', 'B_neutral_win_ratio', 'B_num_games', 'B_ot_loss_missing', 'B_ot_ratio', 'B_ot_win_missing', 'B_ot_win_ratio', 'B_recent_mean_pts_against', 'B_recent_mean_pts_for', 'B_recent_mean_score_diff', 'B_recent_std_pts_against', 'B_recent_std_pts_for', 'B_recent_std_score_diff', 'B_recent_win_ratio', 'B_std_diff', 'B_std_papg', 'B_std_ppg', 'B_win_ratio', 'A_Loc_A', 'A_Loc_H']",5,0.6579872172045473,0.6242498849271538,12.17574912057735,12.747932111049732,0.795641580975822,0.7814339336341493
W,adj_score_diff,LinearRegression(n_jobs=-1),37,"['A_1_pos_loss_missing', 'A_1_pos_win_missing', 'A_ot_loss_missing', 'A_ot_win_missing', 'A_PlayIn', 'B_1_pos_loss_missing', 'B_1_pos_win_missing', 'B_ot_loss_missing', 'B_ot_win_missing', 'B_PlayIn', 'A_Loc_A', 'A_Loc_H', '1_pos_game_ratio_diff', '1_pos_win_ratio_diff', 'Seed_diff', 'away_win_ratio_diff', 'home_win_ratio_diff', 'max_loss_diff_diff', 'max_win_diff_diff', 'mean_diff_diff', 'mean_papg_diff', 'mean_ppg_diff', 'neutral_win_ratio_diff', 'num_games_diff', 'ot_ratio_diff', 'ot_win_ratio_diff', 'recent_mean_pts_against_diff', 'recent_mean_pts_for_diff', 'recent_mean_score_diff_diff', 'recent_std_pts_against_diff', 'recent_std_pts_for_diff', 'recent_std_score_diff_diff', 'recent_win_ratio_diff', 'std_diff_diff', 'std_papg_diff', 'std_ppg_diff', 'win_ratio_diff']",5,0.6544864459967752,0.6356836028224985,12.238461519136669,12.550268457679778,0.7926407493164059,0.7871201533362616
W,adj_score_diff,RandomForestRegressor(n_jobs=-1),62,"['A_1_pos_game_ratio', 'A_1_pos_loss_missing', 'A_1_pos_win_missing', 'A_1_pos_win_ratio', 'A_PlayIn', 'A_Seed', 'A_away_win_ratio', 'A_home_win_ratio', 'A_max_loss_diff', 'A_max_win_diff', 'A_mean_diff', 'A_mean_papg', 'A_mean_ppg', 'A_neutral_win_ratio', 'A_num_games', 'A_ot_loss_missing', 'A_ot_ratio', 'A_ot_win_missing', 'A_ot_win_ratio', 'A_recent_mean_pts_against', 'A_recent_mean_pts_for', 'A_recent_mean_score_diff', 'A_recent_std_pts_against', 'A_recent_std_pts_for', 'A_recent_std_score_diff', 'A_recent_win_ratio', 'A_std_diff', 'A_std_papg', 'A_std_ppg', 'A_win_ratio', 'B_1_pos_game_ratio', 'B_1_pos_loss_missing', 'B_1_pos_win_missing', 'B_1_pos_win_ratio', 'B_PlayIn', 'B_Seed', 'B_away_win_ratio', 'B_home_win_ratio', 'B_max_loss_diff', 'B_max_win_diff', 'B_mean_diff', 'B_mean_papg', 'B_mean_ppg', 'B_neutral_win_ratio', 'B_num_games', 'B_ot_loss_missing', 'B_ot_ratio', 'B_ot_win_missing', 'B_ot_win_ratio', 'B_recent_mean_pts_against', 'B_recent_mean_pts_for', 'B_recent_mean_score_diff', 'B_recent_std_pts_against', 'B_recent_std_pts_for', 'B_recent_std_score_diff', 'B_recent_win_ratio', 'B_std_diff', 'B_std_papg', 'B_std_ppg', 'B_win_ratio', 'A_Loc_A', 'A_Loc_H']",5,0.94555984851252,0.611157458587941,4.857876239181945,12.965722868416451,0.9496217632925232,0.7732160683624165
W,adj_score_diff,RandomForestRegressor(n_jobs=-1),37,"['A_1_pos_loss_missing', 'A_1_pos_win_missing', 'A_ot_loss_missing', 'A_ot_win_missing', 'A_PlayIn', 'B_1_pos_loss_missing', 'B_1_pos_win_missing', 'B_ot_loss_missing', 'B_ot_win_missing', 'B_PlayIn', 'A_Loc_A', 'A_Loc_H', '1_pos_game_ratio_diff', '1_pos_win_ratio_diff', 'Seed_diff', 'away_win_ratio_diff', 'home_win_ratio_diff', 'max_loss_diff_diff', 'max_win_diff_diff', 'mean_diff_diff', 'mean_papg_diff', 'mean_ppg_diff', 'neutral_win_ratio_diff', 'num_games_diff', 'ot_ratio_diff', 'ot_win_ratio_diff', 'recent_mean_pts_against_diff', 'recent_mean_pts_for_diff', 'recent_mean_score_diff_diff', 'recent_std_pts_against_diff', 'recent_std_pts_for_diff', 'recent_std_score_diff_diff', 'recent_win_ratio_diff', 'std_diff_diff', 'std_papg_diff', 'std_ppg_diff', 'win_ratio_diff']",5,0.946739597642446,0.6156201587647712,4.805068698260065,12.89052364720411,0.951674353593654,0.7662720121391207
W,adj_score_diff,"XGBRegressor(base_score=0.5, booster='gbtree', colsample_bylevel=1,
             colsample_bynode=1, colsample_bytree=1, gamma=0, gpu_id=-1,
             importance_type='gain', interaction_constraints='',
             learning_rate=0.300000012, max_delta_step=0, max_depth=6,
             min_child_weight=1, missing=nan, monotone_constraints='()',
             n_estimators=100, n_jobs=-1, num_parallel_tree=1, random_state=0,
             reg_alpha=0, reg_lambda=1, scale_pos_weight=1, subsample=1,
             tree_method='exact', validate_parameters=1, verbosity=None)",62,"['A_1_pos_game_ratio', 'A_1_pos_loss_missing', 'A_1_pos_win_missing', 'A_1_pos_win_ratio', 'A_PlayIn', 'A_Seed', 'A_away_win_ratio', 'A_home_win_ratio', 'A_max_loss_diff', 'A_max_win_diff', 'A_mean_diff', 'A_mean_papg', 'A_mean_ppg', 'A_neutral_win_ratio', 'A_num_games', 'A_ot_loss_missing', 'A_ot_ratio', 'A_ot_win_missing', 'A_ot_win_ratio', 'A_recent_mean_pts_against', 'A_recent_mean_pts_for', 'A_recent_mean_score_diff', 'A_recent_std_pts_against', 'A_recent_std_pts_for', 'A_recent_std_score_diff', 'A_recent_win_ratio', 'A_std_diff', 'A_std_papg', 'A_std_ppg', 'A_win_ratio', 'B_1_pos_game_ratio', 'B_1_pos_loss_missing', 'B_1_pos_win_missing', 'B_1_pos_win_ratio', 'B_PlayIn', 'B_Seed', 'B_away_win_ratio', 'B_home_win_ratio', 'B_max_loss_diff', 'B_max_win_diff', 'B_mean_diff', 'B_mean_papg', 'B_mean_ppg', 'B_neutral_win_ratio', 'B_num_games', 'B_ot_loss_missing', 'B_ot_ratio', 'B_ot_win_missing', 'B_ot_win_ratio', 'B_recent_mean_pts_against', 'B_recent_mean_pts_for', 'B_recent_mean_score_diff', 'B_recent_std_pts_against', 'B_recent_std_pts_for', 'B_recent_std_score_diff', 'B_recent_win_ratio', 'B_std_diff', 'B_std_papg', 'B_std_ppg', 'B_win_ratio', 'A_Loc_A', 'A_Loc_H']",5,0.999672313656864,0.5650478630895996,0.3729880783496078,13.700289974598173,0.9998421468034728,0.756155412690173
W,adj_score_diff,"XGBRegressor(base_score=0.5, booster='gbtree', colsample_bylevel=1,
             colsample_bynode=1, colsample_bytree=1, gamma=0, gpu_id=-1,
             importance_type='gain', interaction_constraints='',
             learning_rate=0.300000012, max_delta_step=0, max_depth=6,
             min_child_weight=1, missing=nan, monotone_constraints='()',
             n_estimators=100, n_jobs=-1, num_parallel_tree=1, random_state=0,
             reg_alpha=0, reg_lambda=1, scale_pos_weight=1, subsample=1,
             tree_method='exact', validate_parameters=1, verbosity=None)",37,"['A_1_pos_loss_missing', 'A_1_pos_win_missing', 'A_ot_loss_missing', 'A_ot_win_missing', 'A_PlayIn', 'B_1_pos_loss_missing', 'B_1_pos_win_missing', 'B_ot_loss_missing', 'B_ot_win_missing', 'B_PlayIn', 'A_Loc_A', 'A_Loc_H', '1_pos_game_ratio_diff', '1_pos_win_ratio_diff', 'Seed_diff', 'away_win_ratio_diff', 'home_win_ratio_diff', 'max_loss_diff_diff', 'max_win_diff_diff', 'mean_diff_diff', 'mean_papg_diff', 'mean_ppg_diff', 'neutral_win_ratio_diff', 'num_games_diff', 'ot_ratio_diff', 'ot_win_ratio_diff', 'recent_mean_pts_against_diff', 'recent_mean_pts_for_diff', 'recent_mean_score_diff_diff', 'recent_std_pts_against_diff', 'recent_std_pts_for_diff', 'recent_std_score_diff_diff', 'recent_win_ratio_diff', 'std_diff_diff', 'std_papg_diff', 'std_ppg_diff', 'win_ratio_diff']",5,0.9994131326270712,0.55259392455567,0.50359051710749,13.9060685185948,0.9995263157238492,0.7467036696881364
W,adj_score_diff,SVR(),62,"['A_1_pos_game_ratio', 'A_1_pos_loss_missing', 'A_1_pos_win_missing', 'A_1_pos_win_ratio', 'A_PlayIn', 'A_Seed', 'A_away_win_ratio', 'A_home_win_ratio', 'A_max_loss_diff', 'A_max_win_diff', 'A_mean_diff', 'A_mean_papg', 'A_mean_ppg', 'A_neutral_win_ratio', 'A_num_games', 'A_ot_loss_missing', 'A_ot_ratio', 'A_ot_win_missing', 'A_ot_win_ratio', 'A_recent_mean_pts_against', 'A_recent_mean_pts_for', 'A_recent_mean_score_diff', 'A_recent_std_pts_against', 'A_recent_std_pts_for', 'A_recent_std_score_diff', 'A_recent_win_ratio', 'A_std_diff', 'A_std_papg', 'A_std_ppg', 'A_win_ratio', 'B_1_pos_game_ratio', 'B_1_pos_loss_missing', 'B_1_pos_win_missing', 'B_1_pos_win_ratio', 'B_PlayIn', 'B_Seed', 'B_away_win_ratio', 'B_home_win_ratio', 'B_max_loss_diff', 'B_max_win_diff', 'B_mean_diff', 'B_mean_papg', 'B_mean_ppg', 'B_neutral_win_ratio', 'B_num_games', 'B_ot_loss_missing', 'B_ot_ratio', 'B_ot_win_missing', 'B_ot_win_ratio', 'B_recent_mean_pts_against', 'B_recent_mean_pts_for', 'B_recent_mean_score_diff', 'B_recent_std_pts_against', 'B_recent_std_pts_for', 'B_recent_std_score_diff', 'B_recent_win_ratio', 'B_std_diff', 'B_std_papg', 'B_std_ppg', 'B_win_ratio', 'A_Loc_A', 'A_Loc_H']",5,0.5357176808698616,0.5105605318954681,14.186634007139943,14.548040468164665,0.7807958993081143,0.7650081859202171
W,adj_score_diff,SVR(),37,"['A_1_pos_loss_missing', 'A_1_pos_win_missing', 'A_ot_loss_missing', 'A_ot_win_missing', 'A_PlayIn', 'B_1_pos_loss_missing', 'B_1_pos_win_missing', 'B_ot_loss_missing', 'B_ot_win_missing', 'B_PlayIn', 'A_Loc_A', 'A_Loc_H', '1_pos_game_ratio_diff', '1_pos_win_ratio_diff', 'Seed_diff', 'away_win_ratio_diff', 'home_win_ratio_diff', 'max_loss_diff_diff', 'max_win_diff_diff', 'mean_diff_diff', 'mean_papg_diff', 'mean_ppg_diff', 'neutral_win_ratio_diff', 'num_games_diff', 'ot_ratio_diff', 'ot_win_ratio_diff', 'recent_mean_pts_against_diff', 'recent_mean_pts_for_diff', 'recent_mean_score_diff_diff', 'recent_std_pts_against_diff', 'recent_std_pts_for_diff', 'recent_std_score_diff_diff', 'recent_win_ratio_diff', 'std_diff_diff', 'std_papg_diff', 'std_ppg_diff', 'win_ratio_diff']",5,0.5187413915440119,0.4951081961152394,14.443841374096754,14.775600459976667,0.7692676284988609,0.7650081859202171
W,adj_score_diff,KNeighborsRegressor(n_jobs=-1),62,"['A_1_pos_game_ratio', 'A_1_pos_loss_missing', 'A_1_pos_win_missing', 'A_1_pos_win_ratio', 'A_PlayIn', 'A_Seed', 'A_away_win_ratio', 'A_home_win_ratio', 'A_max_loss_diff', 'A_max_win_diff', 'A_mean_diff', 'A_mean_papg', 'A_mean_ppg', 'A_neutral_win_ratio', 'A_num_games', 'A_ot_loss_missing', 'A_ot_ratio', 'A_ot_win_missing', 'A_ot_win_ratio', 'A_recent_mean_pts_against', 'A_recent_mean_pts_for', 'A_recent_mean_score_diff', 'A_recent_std_pts_against', 'A_recent_std_pts_for', 'A_recent_std_score_diff', 'A_recent_win_ratio', 'A_std_diff', 'A_std_papg', 'A_std_ppg', 'A_win_ratio', 'B_1_pos_game_ratio', 'B_1_pos_loss_missing', 'B_1_pos_win_missing', 'B_1_pos_win_ratio', 'B_PlayIn', 'B_Seed', 'B_away_win_ratio', 'B_home_win_ratio', 'B_max_loss_diff', 'B_max_win_diff', 'B_mean_diff', 'B_mean_papg', 'B_mean_ppg', 'B_neutral_win_ratio', 'B_num_games', 'B_ot_loss_missing', 'B_ot_ratio', 'B_ot_win_missing', 'B_ot_win_ratio', 'B_recent_mean_pts_against', 'B_recent_mean_pts_for', 'B_recent_mean_score_diff', 'B_recent_std_pts_against', 'B_recent_std_pts_for', 'B_recent_std_score_diff', 'B_recent_win_ratio', 'B_std_diff', 'B_std_papg', 'B_std_ppg', 'B_win_ratio', 'A_Loc_A', 'A_Loc_H']",5,0.61894561017659,0.4326474847161387,12.852413138491766,15.657414717316268,0.7819033654151876,0.7030986702871062
W,adj_score_diff,KNeighborsRegressor(n_jobs=-1),37,"['A_1_pos_loss_missing', 'A_1_pos_win_missing', 'A_ot_loss_missing', 'A_ot_win_missing', 'A_PlayIn', 'B_1_pos_loss_missing', 'B_1_pos_win_missing', 'B_ot_loss_missing', 'B_ot_win_missing', 'B_PlayIn', 'A_Loc_A', 'A_Loc_H', '1_pos_game_ratio_diff', '1_pos_win_ratio_diff', 'Seed_diff', 'away_win_ratio_diff', 'home_win_ratio_diff', 'max_loss_diff_diff', 'max_win_diff_diff', 'mean_diff_diff', 'mean_papg_diff', 'mean_ppg_diff', 'neutral_win_ratio_diff', 'num_games_diff', 'ot_ratio_diff', 'ot_win_ratio_diff', 'recent_mean_pts_against_diff', 'recent_mean_pts_for_diff', 'recent_mean_score_diff_diff', 'recent_std_pts_against_diff', 'recent_std_pts_for_diff', 'recent_std_score_diff_diff', 'recent_win_ratio_diff', 'std_diff_diff', 'std_papg_diff', 'std_ppg_diff', 'win_ratio_diff']",5,0.606967719459651,0.416758052100609,13.052564972467495,15.868570888200177,0.7744802752081954,0.7043744759014495
M,adj_score_diff,LinearRegression(n_jobs=-1),68,"['Season', 'A_PlayIn', 'B_PlayIn', 'A_max_win_diff', 'A_max_loss_diff', 'A_num_games', 'A_win_ratio', 'A_mean_ppg', 'A_mean_papg', 'A_std_ppg', 'A_std_papg', 'A_mean_diff', 'A_std_diff', 'A_home_win_ratio', 'A_away_win_ratio', 'A_neutral_win_ratio', 'A_1_pos_win_missing', 'A_1_pos_loss_missing', 'A_ot_win_missing', 'A_ot_loss_missing', 'A_1_pos_game_ratio', 'A_1_pos_win_ratio', 'A_ot_ratio', 'A_ot_win_ratio', 'A_recent_win_ratio', 'A_recent_mean_pts_for', 'A_recent_mean_pts_against', 'A_recent_mean_score_diff', 'A_recent_std_pts_for', 'A_recent_std_pts_against', 'A_recent_std_score_diff', 'B_max_win_diff', 'B_max_loss_diff', 'B_num_games', 'B_win_ratio', 'B_mean_ppg', 'B_mean_papg', 'B_std_ppg', 'B_std_papg', 'B_mean_diff', 'B_std_diff', 'B_home_win_ratio', 'B_away_win_ratio', 'B_neutral_win_ratio', 'B_1_pos_win_missing', 'B_1_pos_loss_missing', 'B_ot_win_missing', 'B_ot_loss_missing', 'B_1_pos_game_ratio', 'B_1_pos_win_ratio', 'B_ot_ratio', 'B_ot_win_ratio', 'B_recent_win_ratio', 'B_recent_mean_pts_for', 'B_recent_mean_pts_against', 'B_recent_mean_score_diff', 'B_recent_std_pts_for', 'B_recent_std_pts_against', 'B_recent_std_score_diff', 'A_seed_win_prob', 'B_seed_win_prob', 'A_Loc_A', 'A_Loc_H', 'round_2', 'round_3', 'round_4', 'round_5', 'round_6']",5,0.43018599989830353,0.2350546769794038,11.04250871512231,11.732446932285804,0.7259722097175955,0.7012176693075707
M,adj_score_diff,LinearRegression(n_jobs=-1),43,"['Season', 'A_1_pos_loss_missing', 'A_1_pos_win_missing', 'A_ot_loss_missing', 'A_ot_win_missing', 'A_PlayIn', 'B_1_pos_loss_missing', 'B_1_pos_win_missing', 'B_ot_loss_missing', 'B_ot_win_missing', 'B_PlayIn', 'A_Loc_A', 'A_Loc_H', 'round_2', 'round_3', 'round_4', 'round_5', 'round_6', '1_pos_game_ratio_diff', '1_pos_win_ratio_diff', 'away_win_ratio_diff', 'home_win_ratio_diff', 'max_loss_diff_diff', 'max_win_diff_diff', 'mean_diff_diff', 'mean_papg_diff', 'mean_ppg_diff', 'neutral_win_ratio_diff', 'num_games_diff', 'ot_ratio_diff', 'ot_win_ratio_diff', 'recent_mean_pts_against_diff', 'recent_mean_pts_for_diff', 'recent_mean_score_diff_diff', 'recent_std_pts_against_diff', 'recent_std_pts_for_diff', 'recent_std_score_diff_diff', 'recent_win_ratio_diff', 'std_diff_diff', 'std_papg_diff', 'std_ppg_diff', 'win_ratio_diff', 'seed_win_prob_diff']",5,0.42183905429621776,-1.1447699258675219e+22,11.123275858208213,703703386296.2828,0.7206438200315934,0.6957888208523686
M,adj_score_diff,RandomForestRegressor(n_jobs=-1),68,"['Season', 'A_PlayIn', 'B_PlayIn', 'A_max_win_diff', 'A_max_loss_diff', 'A_num_games', 'A_win_ratio', 'A_mean_ppg', 'A_mean_papg', 'A_std_ppg', 'A_std_papg', 'A_mean_diff', 'A_std_diff', 'A_home_win_ratio', 'A_away_win_ratio', 'A_neutral_win_ratio', 'A_1_pos_win_missing', 'A_1_pos_loss_missing', 'A_ot_win_missing', 'A_ot_loss_missing', 'A_1_pos_game_ratio', 'A_1_pos_win_ratio', 'A_ot_ratio', 'A_ot_win_ratio', 'A_recent_win_ratio', 'A_recent_mean_pts_for', 'A_recent_mean_pts_against', 'A_recent_mean_score_diff', 'A_recent_std_pts_for', 'A_recent_std_pts_against', 'A_recent_std_score_diff', 'B_max_win_diff', 'B_max_loss_diff', 'B_num_games', 'B_win_ratio', 'B_mean_ppg', 'B_mean_papg', 'B_std_ppg', 'B_std_papg', 'B_mean_diff', 'B_std_diff', 'B_home_win_ratio', 'B_away_win_ratio', 'B_neutral_win_ratio', 'B_1_pos_win_missing', 'B_1_pos_loss_missing', 'B_ot_win_missing', 'B_ot_loss_missing', 'B_1_pos_game_ratio', 'B_1_pos_win_ratio', 'B_ot_ratio', 'B_ot_win_ratio', 'B_recent_win_ratio', 'B_recent_mean_pts_for', 'B_recent_mean_pts_against', 'B_recent_mean_score_diff', 'B_recent_std_pts_for', 'B_recent_std_pts_against', 'B_recent_std_score_diff', 'A_seed_win_prob', 'B_seed_win_prob', 'A_Loc_A', 'A_Loc_H', 'round_2', 'round_3', 'round_4', 'round_5', 'round_6']",5,0.9128986221715765,0.21357876642507198,4.31726720168092,11.875260597165596,0.9296910766074357,0.6669569622906858
M,adj_score_diff,RandomForestRegressor(n_jobs=-1),43,"['Season', 'A_1_pos_loss_missing', 'A_1_pos_win_missing', 'A_ot_loss_missing', 'A_ot_win_missing', 'A_PlayIn', 'B_1_pos_loss_missing', 'B_1_pos_win_missing', 'B_ot_loss_missing', 'B_ot_win_missing', 'B_PlayIn', 'A_Loc_A', 'A_Loc_H', 'round_2', 'round_3', 'round_4', 'round_5', 'round_6', '1_pos_game_ratio_diff', '1_pos_win_ratio_diff', 'away_win_ratio_diff', 'home_win_ratio_diff', 'max_loss_diff_diff', 'max_win_diff_diff', 'mean_diff_diff', 'mean_papg_diff', 'mean_ppg_diff', 'neutral_win_ratio_diff', 'num_games_diff', 'ot_ratio_diff', 'ot_win_ratio_diff', 'recent_mean_pts_against_diff', 'recent_mean_pts_for_diff', 'recent_mean_score_diff_diff', 'recent_std_pts_against_diff', 'recent_std_pts_for_diff', 'recent_std_score_diff_diff', 'recent_win_ratio_diff', 'std_diff_diff', 'std_papg_diff', 'std_ppg_diff', 'win_ratio_diff', 'seed_win_prob_diff']",5,0.913006096767211,0.21553559187692897,4.3146019161092415,11.880223487328655,0.9347053318818871,0.6753024519352557
M,adj_score_diff,"XGBRegressor(base_score=0.5, booster='gbtree', colsample_bylevel=1,
             colsample_bynode=1, colsample_bytree=1, gamma=0, gpu_id=-1,
             importance_type='gain', interaction_constraints='',
             learning_rate=0.300000012, max_delta_step=0, max_depth=6,
             min_child_weight=1, missing=nan, monotone_constraints='()',
             n_estimators=100, n_jobs=-1, num_parallel_tree=1, random_state=0,
             reg_alpha=0, reg_lambda=1, scale_pos_weight=1, subsample=1,
             tree_method='exact', validate_parameters=1, verbosity=None)",68,"['Season', 'A_PlayIn', 'B_PlayIn', 'A_max_win_diff', 'A_max_loss_diff', 'A_num_games', 'A_win_ratio', 'A_mean_ppg', 'A_mean_papg', 'A_std_ppg', 'A_std_papg', 'A_mean_diff', 'A_std_diff', 'A_home_win_ratio', 'A_away_win_ratio', 'A_neutral_win_ratio', 'A_1_pos_win_missing', 'A_1_pos_loss_missing', 'A_ot_win_missing', 'A_ot_loss_missing', 'A_1_pos_game_ratio', 'A_1_pos_win_ratio', 'A_ot_ratio', 'A_ot_win_ratio', 'A_recent_win_ratio', 'A_recent_mean_pts_for', 'A_recent_mean_pts_against', 'A_recent_mean_score_diff', 'A_recent_std_pts_for', 'A_recent_std_pts_against', 'A_recent_std_score_diff', 'B_max_win_diff', 'B_max_loss_diff', 'B_num_games', 'B_win_ratio', 'B_mean_ppg', 'B_mean_papg', 'B_std_ppg', 'B_std_papg', 'B_mean_diff', 'B_std_diff', 'B_home_win_ratio', 'B_away_win_ratio', 'B_neutral_win_ratio', 'B_1_pos_win_missing', 'B_1_pos_loss_missing', 'B_ot_win_missing', 'B_ot_loss_missing', 'B_1_pos_game_ratio', 'B_1_pos_win_ratio', 'B_ot_ratio', 'B_ot_win_ratio', 'B_recent_win_ratio', 'B_recent_mean_pts_for', 'B_recent_mean_pts_against', 'B_recent_mean_score_diff', 'B_recent_std_pts_for', 'B_recent_std_pts_against', 'B_recent_std_score_diff', 'A_seed_win_prob', 'B_seed_win_prob', 'A_Loc_A', 'A_Loc_H', 'round_2', 'round_3', 'round_4', 'round_5', 'round_6']",5,0.9970077938557121,0.09952865903701502,0.7999343491839112,12.749692177097728,0.9936274967192407,0.6393715987805837
M,adj_score_diff,"XGBRegressor(base_score=0.5, booster='gbtree', colsample_bylevel=1,
             colsample_bynode=1, colsample_bytree=1, gamma=0, gpu_id=-1,
             importance_type='gain', interaction_constraints='',
             learning_rate=0.300000012, max_delta_step=0, max_depth=6,
             min_child_weight=1, missing=nan, monotone_constraints='()',
             n_estimators=100, n_jobs=-1, num_parallel_tree=1, random_state=0,
             reg_alpha=0, reg_lambda=1, scale_pos_weight=1, subsample=1,
             tree_method='exact', validate_parameters=1, verbosity=None)",43,"['Season', 'A_1_pos_loss_missing', 'A_1_pos_win_missing', 'A_ot_loss_missing', 'A_ot_win_missing', 'A_PlayIn', 'B_1_pos_loss_missing', 'B_1_pos_win_missing', 'B_ot_loss_missing', 'B_ot_win_missing', 'B_PlayIn', 'A_Loc_A', 'A_Loc_H', 'round_2', 'round_3', 'round_4', 'round_5', 'round_6', '1_pos_game_ratio_diff', '1_pos_win_ratio_diff', 'away_win_ratio_diff', 'home_win_ratio_diff', 'max_loss_diff_diff', 'max_win_diff_diff', 'mean_diff_diff', 'mean_papg_diff', 'mean_ppg_diff', 'neutral_win_ratio_diff', 'num_games_diff', 'ot_ratio_diff', 'ot_win_ratio_diff', 'recent_mean_pts_against_diff', 'recent_mean_pts_for_diff', 'recent_mean_score_diff_diff', 'recent_std_pts_against_diff', 'recent_std_pts_for_diff', 'recent_std_score_diff_diff', 'recent_win_ratio_diff', 'std_diff_diff', 'std_papg_diff', 'std_ppg_diff', 'win_ratio_diff', 'seed_win_prob_diff']",5,0.996125718566787,0.10469769361841963,0.9101024193487259,12.713481004770896,0.9925826192054696,0.6514784112647514
M,adj_score_diff,SVR(),68,"['Season', 'A_PlayIn', 'B_PlayIn', 'A_max_win_diff', 'A_max_loss_diff', 'A_num_games', 'A_win_ratio', 'A_mean_ppg', 'A_mean_papg', 'A_std_ppg', 'A_std_papg', 'A_mean_diff', 'A_std_diff', 'A_home_win_ratio', 'A_away_win_ratio', 'A_neutral_win_ratio', 'A_1_pos_win_missing', 'A_1_pos_loss_missing', 'A_ot_win_missing', 'A_ot_loss_missing', 'A_1_pos_game_ratio', 'A_1_pos_win_ratio', 'A_ot_ratio', 'A_ot_win_ratio', 'A_recent_win_ratio', 'A_recent_mean_pts_for', 'A_recent_mean_pts_against', 'A_recent_mean_score_diff', 'A_recent_std_pts_for', 'A_recent_std_pts_against', 'A_recent_std_score_diff', 'B_max_win_diff', 'B_max_loss_diff', 'B_num_games', 'B_win_ratio', 'B_mean_ppg', 'B_mean_papg', 'B_std_ppg', 'B_std_papg', 'B_mean_diff', 'B_std_diff', 'B_home_win_ratio', 'B_away_win_ratio', 'B_neutral_win_ratio', 'B_1_pos_win_missing', 'B_1_pos_loss_missing', 'B_ot_win_missing', 'B_ot_loss_missing', 'B_1_pos_game_ratio', 'B_1_pos_win_ratio', 'B_ot_ratio', 'B_ot_win_ratio', 'B_recent_win_ratio', 'B_recent_mean_pts_for', 'B_recent_mean_pts_against', 'B_recent_mean_score_diff', 'B_recent_std_pts_for', 'B_recent_std_pts_against', 'B_recent_std_score_diff', 'A_seed_win_prob', 'B_seed_win_prob', 'A_Loc_A', 'A_Loc_H', 'round_2', 'round_3', 'round_4', 'round_5', 'round_6']",5,0.376386955787219,0.14344253850943722,11.552030963016795,12.354382821957369,0.728688378336348,0.6694455848568758
M,adj_score_diff,SVR(),43,"['Season', 'A_1_pos_loss_missing', 'A_1_pos_win_missing', 'A_ot_loss_missing', 'A_ot_win_missing', 'A_PlayIn', 'B_1_pos_loss_missing', 'B_1_pos_win_missing', 'B_ot_loss_missing', 'B_ot_win_missing', 'B_PlayIn', 'A_Loc_A', 'A_Loc_H', 'round_2', 'round_3', 'round_4', 'round_5', 'round_6', '1_pos_game_ratio_diff', '1_pos_win_ratio_diff', 'away_win_ratio_diff', 'home_win_ratio_diff', 'max_loss_diff_diff', 'max_win_diff_diff', 'mean_diff_diff', 'mean_papg_diff', 'mean_ppg_diff', 'neutral_win_ratio_diff', 'num_games_diff', 'ot_ratio_diff', 'ot_win_ratio_diff', 'recent_mean_pts_against_diff', 'recent_mean_pts_for_diff', 'recent_mean_score_diff_diff', 'recent_std_pts_against_diff', 'recent_std_pts_for_diff', 'recent_std_score_diff_diff', 'recent_win_ratio_diff', 'std_diff_diff', 'std_papg_diff', 'std_ppg_diff', 'win_ratio_diff', 'seed_win_prob_diff']",5,0.36952866490008945,0.1385651858227555,11.61557137811231,12.395664684461632,0.7239875481200772,0.6681903547313527
M,adj_score_diff,KNeighborsRegressor(n_jobs=-1),68,"['Season', 'A_PlayIn', 'B_PlayIn', 'A_max_win_diff', 'A_max_loss_diff', 'A_num_games', 'A_win_ratio', 'A_mean_ppg', 'A_mean_papg', 'A_std_ppg', 'A_std_papg', 'A_mean_diff', 'A_std_diff', 'A_home_win_ratio', 'A_away_win_ratio', 'A_neutral_win_ratio', 'A_1_pos_win_missing', 'A_1_pos_loss_missing', 'A_ot_win_missing', 'A_ot_loss_missing', 'A_1_pos_game_ratio', 'A_1_pos_win_ratio', 'A_ot_ratio', 'A_ot_win_ratio', 'A_recent_win_ratio', 'A_recent_mean_pts_for', 'A_recent_mean_pts_against', 'A_recent_mean_score_diff', 'A_recent_std_pts_for', 'A_recent_std_pts_against', 'A_recent_std_score_diff', 'B_max_win_diff', 'B_max_loss_diff', 'B_num_games', 'B_win_ratio', 'B_mean_ppg', 'B_mean_papg', 'B_std_ppg', 'B_std_papg', 'B_mean_diff', 'B_std_diff', 'B_home_win_ratio', 'B_away_win_ratio', 'B_neutral_win_ratio', 'B_1_pos_win_missing', 'B_1_pos_loss_missing', 'B_ot_win_missing', 'B_ot_loss_missing', 'B_1_pos_game_ratio', 'B_1_pos_win_ratio', 'B_ot_ratio', 'B_ot_win_ratio', 'B_recent_win_ratio', 'B_recent_mean_pts_for', 'B_recent_mean_pts_against', 'B_recent_mean_score_diff', 'B_recent_std_pts_for', 'B_recent_std_pts_against', 'B_recent_std_score_diff', 'A_seed_win_prob', 'B_seed_win_prob', 'A_Loc_A', 'A_Loc_H', 'round_2', 'round_3', 'round_4', 'round_5', 'round_6']",5,0.4763151005158822,-0.030124347758497726,10.585885988150896,13.606318340901883,0.7323441673419164,0.6097072876721901
M,adj_score_diff,KNeighborsRegressor(n_jobs=-1),43,"['Season', 'A_1_pos_loss_missing', 'A_1_pos_win_missing', 'A_ot_loss_missing', 'A_ot_win_missing', 'A_PlayIn', 'B_1_pos_loss_missing', 'B_1_pos_win_missing', 'B_ot_loss_missing', 'B_ot_win_missing', 'B_PlayIn', 'A_Loc_A', 'A_Loc_H', 'round_2', 'round_3', 'round_4', 'round_5', 'round_6', '1_pos_game_ratio_diff', '1_pos_win_ratio_diff', 'away_win_ratio_diff', 'home_win_ratio_diff', 'max_loss_diff_diff', 'max_win_diff_diff', 'mean_diff_diff', 'mean_papg_diff', 'mean_ppg_diff', 'neutral_win_ratio_diff', 'num_games_diff', 'ot_ratio_diff', 'ot_win_ratio_diff', 'recent_mean_pts_against_diff', 'recent_mean_pts_for_diff', 'recent_mean_score_diff_diff', 'recent_std_pts_against_diff', 'recent_std_pts_for_diff', 'recent_std_score_diff_diff', 'recent_win_ratio_diff', 'std_diff_diff', 'std_papg_diff', 'std_ppg_diff', 'win_ratio_diff', 'seed_win_prob_diff']",5,0.46907658905209126,-0.02126716846822587,10.659475253697357,13.529389648217466,0.7371510186041562,0.6092766485268297
W,adj_score_diff,LinearRegression(n_jobs=-1),68,"['Season', 'A_PlayIn', 'B_PlayIn', 'A_max_win_diff', 'A_max_loss_diff', 'A_num_games', 'A_win_ratio', 'A_mean_ppg', 'A_mean_papg', 'A_std_ppg', 'A_std_papg', 'A_mean_diff', 'A_std_diff', 'A_home_win_ratio', 'A_away_win_ratio', 'A_neutral_win_ratio', 'A_1_pos_win_missing', 'A_1_pos_loss_missing', 'A_ot_win_missing', 'A_ot_loss_missing', 'A_1_pos_game_ratio', 'A_1_pos_win_ratio', 'A_ot_ratio', 'A_ot_win_ratio', 'A_recent_win_ratio', 'A_recent_mean_pts_for', 'A_recent_mean_pts_against', 'A_recent_mean_score_diff', 'A_recent_std_pts_for', 'A_recent_std_pts_against', 'A_recent_std_score_diff', 'B_max_win_diff', 'B_max_loss_diff', 'B_num_games', 'B_win_ratio', 'B_mean_ppg', 'B_mean_papg', 'B_std_ppg', 'B_std_papg', 'B_mean_diff', 'B_std_diff', 'B_home_win_ratio', 'B_away_win_ratio', 'B_neutral_win_ratio', 'B_1_pos_win_missing', 'B_1_pos_loss_missing', 'B_ot_win_missing', 'B_ot_loss_missing', 'B_1_pos_game_ratio', 'B_1_pos_win_ratio', 'B_ot_ratio', 'B_ot_win_ratio', 'B_recent_win_ratio', 'B_recent_mean_pts_for', 'B_recent_mean_pts_against', 'B_recent_mean_score_diff', 'B_recent_std_pts_for', 'B_recent_std_pts_against', 'B_recent_std_score_diff', 'A_seed_win_prob', 'B_seed_win_prob', 'A_Loc_A', 'A_Loc_H', 'round_2', 'round_3', 'round_4', 'round_5', 'round_6']",5,0.6494627904448423,0.6143662354687114,12.341837189127185,12.911655704073706,0.7980952380952381,0.7892063492063492
W,adj_score_diff,LinearRegression(n_jobs=-1),43,"['Season', 'A_1_pos_loss_missing', 'A_1_pos_win_missing', 'A_ot_loss_missing', 'A_ot_win_missing', 'A_PlayIn', 'B_1_pos_loss_missing', 'B_1_pos_win_missing', 'B_ot_loss_missing', 'B_ot_win_missing', 'B_PlayIn', 'A_Loc_A', 'A_Loc_H', 'round_2', 'round_3', 'round_4', 'round_5', 'round_6', '1_pos_game_ratio_diff', '1_pos_win_ratio_diff', 'away_win_ratio_diff', 'home_win_ratio_diff', 'max_loss_diff_diff', 'max_win_diff_diff', 'mean_diff_diff', 'mean_papg_diff', 'mean_ppg_diff', 'neutral_win_ratio_diff', 'num_games_diff', 'ot_ratio_diff', 'ot_win_ratio_diff', 'recent_mean_pts_against_diff', 'recent_mean_pts_for_diff', 'recent_mean_score_diff_diff', 'recent_std_pts_against_diff', 'recent_std_pts_for_diff', 'recent_std_score_diff_diff', 'recent_win_ratio_diff', 'std_diff_diff', 'std_papg_diff', 'std_ppg_diff', 'win_ratio_diff', 'seed_win_prob_diff']",5,0.6450730072032334,0.6196441890775104,12.419106076222153,12.822630336075274,0.7952380952380953,0.7892063492063492
W,adj_score_diff,RandomForestRegressor(n_jobs=-1),68,"['Season', 'A_PlayIn', 'B_PlayIn', 'A_max_win_diff', 'A_max_loss_diff', 'A_num_games', 'A_win_ratio', 'A_mean_ppg', 'A_mean_papg', 'A_std_ppg', 'A_std_papg', 'A_mean_diff', 'A_std_diff', 'A_home_win_ratio', 'A_away_win_ratio', 'A_neutral_win_ratio', 'A_1_pos_win_missing', 'A_1_pos_loss_missing', 'A_ot_win_missing', 'A_ot_loss_missing', 'A_1_pos_game_ratio', 'A_1_pos_win_ratio', 'A_ot_ratio', 'A_ot_win_ratio', 'A_recent_win_ratio', 'A_recent_mean_pts_for', 'A_recent_mean_pts_against', 'A_recent_mean_score_diff', 'A_recent_std_pts_for', 'A_recent_std_pts_against', 'A_recent_std_score_diff', 'B_max_win_diff', 'B_max_loss_diff', 'B_num_games', 'B_win_ratio', 'B_mean_ppg', 'B_mean_papg', 'B_std_ppg', 'B_std_papg', 'B_mean_diff', 'B_std_diff', 'B_home_win_ratio', 'B_away_win_ratio', 'B_neutral_win_ratio', 'B_1_pos_win_missing', 'B_1_pos_loss_missing', 'B_ot_win_missing', 'B_ot_loss_missing', 'B_1_pos_game_ratio', 'B_1_pos_win_ratio', 'B_ot_ratio', 'B_ot_win_ratio', 'B_recent_win_ratio', 'B_recent_mean_pts_for', 'B_recent_mean_pts_against', 'B_recent_mean_score_diff', 'B_recent_std_pts_for', 'B_recent_std_pts_against', 'B_recent_std_score_diff', 'A_seed_win_prob', 'B_seed_win_prob', 'A_Loc_A', 'A_Loc_H', 'round_2', 'round_3', 'round_4', 'round_5', 'round_6']",5,0.9462647632153594,0.6142722210096372,4.832179886272135,12.912513432830448,0.9496825396825397,0.7726984126984127
W,adj_score_diff,RandomForestRegressor(n_jobs=-1),43,"['Season', 'A_1_pos_loss_missing', 'A_1_pos_win_missing', 'A_ot_loss_missing', 'A_ot_win_missing', 'A_PlayIn', 'B_1_pos_loss_missing', 'B_1_pos_win_missing', 'B_ot_loss_missing', 'B_ot_win_missing', 'B_PlayIn', 'A_Loc_A', 'A_Loc_H', 'round_2', 'round_3', 'round_4', 'round_5', 'round_6', '1_pos_game_ratio_diff', '1_pos_win_ratio_diff', 'away_win_ratio_diff', 'home_win_ratio_diff', 'max_loss_diff_diff', 'max_win_diff_diff', 'mean_diff_diff', 'mean_papg_diff', 'mean_ppg_diff', 'neutral_win_ratio_diff', 'num_games_diff', 'ot_ratio_diff', 'ot_win_ratio_diff', 'recent_mean_pts_against_diff', 'recent_mean_pts_for_diff', 'recent_mean_score_diff_diff', 'recent_std_pts_against_diff', 'recent_std_pts_for_diff', 'recent_std_score_diff_diff', 'recent_win_ratio_diff', 'std_diff_diff', 'std_papg_diff', 'std_ppg_diff', 'win_ratio_diff', 'seed_win_prob_diff']",5,0.9464324163422484,0.6153322368169455,4.824597906762667,12.89154260492192,0.9444444444444444,0.77015873015873
W,adj_score_diff,"XGBRegressor(base_score=0.5, booster='gbtree', colsample_bylevel=1,
             colsample_bynode=1, colsample_bytree=1, gamma=0, gpu_id=-1,
             importance_type='gain', interaction_constraints='',
             learning_rate=0.300000012, max_delta_step=0, max_depth=6,
             min_child_weight=1, missing=nan, monotone_constraints='()',
             n_estimators=100, n_jobs=-1, num_parallel_tree=1, random_state=0,
             reg_alpha=0, reg_lambda=1, scale_pos_weight=1, subsample=1,
             tree_method='exact', validate_parameters=1, verbosity=None)",68,"['Season', 'A_PlayIn', 'B_PlayIn', 'A_max_win_diff', 'A_max_loss_diff', 'A_num_games', 'A_win_ratio', 'A_mean_ppg', 'A_mean_papg', 'A_std_ppg', 'A_std_papg', 'A_mean_diff', 'A_std_diff', 'A_home_win_ratio', 'A_away_win_ratio', 'A_neutral_win_ratio', 'A_1_pos_win_missing', 'A_1_pos_loss_missing', 'A_ot_win_missing', 'A_ot_loss_missing', 'A_1_pos_game_ratio', 'A_1_pos_win_ratio', 'A_ot_ratio', 'A_ot_win_ratio', 'A_recent_win_ratio', 'A_recent_mean_pts_for', 'A_recent_mean_pts_against', 'A_recent_mean_score_diff', 'A_recent_std_pts_for', 'A_recent_std_pts_against', 'A_recent_std_score_diff', 'B_max_win_diff', 'B_max_loss_diff', 'B_num_games', 'B_win_ratio', 'B_mean_ppg', 'B_mean_papg', 'B_std_ppg', 'B_std_papg', 'B_mean_diff', 'B_std_diff', 'B_home_win_ratio', 'B_away_win_ratio', 'B_neutral_win_ratio', 'B_1_pos_win_missing', 'B_1_pos_loss_missing', 'B_ot_win_missing', 'B_ot_loss_missing', 'B_1_pos_game_ratio', 'B_1_pos_win_ratio', 'B_ot_ratio', 'B_ot_win_ratio', 'B_recent_win_ratio', 'B_recent_mean_pts_for', 'B_recent_mean_pts_against', 'B_recent_mean_score_diff', 'B_recent_std_pts_for', 'B_recent_std_pts_against', 'B_recent_std_score_diff', 'A_seed_win_prob', 'B_seed_win_prob', 'A_Loc_A', 'A_Loc_H', 'round_2', 'round_3', 'round_4', 'round_5', 'round_6']",5,0.9997432170126463,0.5555751760394608,0.3325925665745332,13.852554511636104,1.0,0.7619047619047619
W,adj_score_diff,"XGBRegressor(base_score=0.5, booster='gbtree', colsample_bylevel=1,
             colsample_bynode=1, colsample_bytree=1, gamma=0, gpu_id=-1,
             importance_type='gain', interaction_constraints='',
             learning_rate=0.300000012, max_delta_step=0, max_depth=6,
             min_child_weight=1, missing=nan, monotone_constraints='()',
             n_estimators=100, n_jobs=-1, num_parallel_tree=1, random_state=0,
             reg_alpha=0, reg_lambda=1, scale_pos_weight=1, subsample=1,
             tree_method='exact', validate_parameters=1, verbosity=None)",43,"['Season', 'A_1_pos_loss_missing', 'A_1_pos_win_missing', 'A_ot_loss_missing', 'A_ot_win_missing', 'A_PlayIn', 'B_1_pos_loss_missing', 'B_1_pos_win_missing', 'B_ot_loss_missing', 'B_ot_win_missing', 'B_PlayIn', 'A_Loc_A', 'A_Loc_H', 'round_2', 'round_3', 'round_4', 'round_5', 'round_6', '1_pos_game_ratio_diff', '1_pos_win_ratio_diff', 'away_win_ratio_diff', 'home_win_ratio_diff', 'max_loss_diff_diff', 'max_win_diff_diff', 'mean_diff_diff', 'mean_papg_diff', 'mean_ppg_diff', 'neutral_win_ratio_diff', 'num_games_diff', 'ot_ratio_diff', 'ot_win_ratio_diff', 'recent_mean_pts_against_diff', 'recent_mean_pts_for_diff', 'recent_mean_score_diff_diff', 'recent_std_pts_against_diff', 'recent_std_pts_for_diff', 'recent_std_score_diff_diff', 'recent_win_ratio_diff', 'std_diff_diff', 'std_papg_diff', 'std_ppg_diff', 'win_ratio_diff', 'seed_win_prob_diff']",5,0.9994416770206085,0.5485197860787786,0.4921562903818568,13.948306879890813,0.9988888888888889,0.7498412698412699
W,adj_score_diff,SVR(),68,"['Season', 'A_PlayIn', 'B_PlayIn', 'A_max_win_diff', 'A_max_loss_diff', 'A_num_games', 'A_win_ratio', 'A_mean_ppg', 'A_mean_papg', 'A_std_ppg', 'A_std_papg', 'A_mean_diff', 'A_std_diff', 'A_home_win_ratio', 'A_away_win_ratio', 'A_neutral_win_ratio', 'A_1_pos_win_missing', 'A_1_pos_loss_missing', 'A_ot_win_missing', 'A_ot_loss_missing', 'A_1_pos_game_ratio', 'A_1_pos_win_ratio', 'A_ot_ratio', 'A_ot_win_ratio', 'A_recent_win_ratio', 'A_recent_mean_pts_for', 'A_recent_mean_pts_against', 'A_recent_mean_score_diff', 'A_recent_std_pts_for', 'A_recent_std_pts_against', 'A_recent_std_score_diff', 'B_max_win_diff', 'B_max_loss_diff', 'B_num_games', 'B_win_ratio', 'B_mean_ppg', 'B_mean_papg', 'B_std_ppg', 'B_std_papg', 'B_mean_diff', 'B_std_diff', 'B_home_win_ratio', 'B_away_win_ratio', 'B_neutral_win_ratio', 'B_1_pos_win_missing', 'B_1_pos_loss_missing', 'B_ot_win_missing', 'B_ot_loss_missing', 'B_1_pos_game_ratio', 'B_1_pos_win_ratio', 'B_ot_ratio', 'B_ot_win_ratio', 'B_recent_win_ratio', 'B_recent_mean_pts_for', 'B_recent_mean_pts_against', 'B_recent_mean_score_diff', 'B_recent_std_pts_for', 'B_recent_std_pts_against', 'B_recent_std_score_diff', 'A_seed_win_prob', 'B_seed_win_prob', 'A_Loc_A', 'A_Loc_H', 'round_2', 'round_3', 'round_4', 'round_5', 'round_6']",5,0.5490786326194413,0.5248276913664645,13.997838035162118,14.334814766238043,0.799047619047619,0.7879365079365079
W,adj_score_diff,SVR(),43,"['Season', 'A_1_pos_loss_missing', 'A_1_pos_win_missing', 'A_ot_loss_missing', 'A_ot_win_missing', 'A_PlayIn', 'B_1_pos_loss_missing', 'B_1_pos_win_missing', 'B_ot_loss_missing', 'B_ot_win_missing', 'B_PlayIn', 'A_Loc_A', 'A_Loc_H', 'round_2', 'round_3', 'round_4', 'round_5', 'round_6', '1_pos_game_ratio_diff', '1_pos_win_ratio_diff', 'away_win_ratio_diff', 'home_win_ratio_diff', 'max_loss_diff_diff', 'max_win_diff_diff', 'mean_diff_diff', 'mean_papg_diff', 'mean_ppg_diff', 'neutral_win_ratio_diff', 'num_games_diff', 'ot_ratio_diff', 'ot_win_ratio_diff', 'recent_mean_pts_against_diff', 'recent_mean_pts_for_diff', 'recent_mean_score_diff_diff', 'recent_std_pts_against_diff', 'recent_std_pts_for_diff', 'recent_std_score_diff_diff', 'recent_win_ratio_diff', 'std_diff_diff', 'std_papg_diff', 'std_ppg_diff', 'win_ratio_diff', 'seed_win_prob_diff']",5,0.5416506639592724,0.5180457165494279,14.112739658493656,14.43660806260733,0.7955555555555556,0.7828571428571429
W,adj_score_diff,KNeighborsRegressor(n_jobs=-1),68,"['Season', 'A_PlayIn', 'B_PlayIn', 'A_max_win_diff', 'A_max_loss_diff', 'A_num_games', 'A_win_ratio', 'A_mean_ppg', 'A_mean_papg', 'A_std_ppg', 'A_std_papg', 'A_mean_diff', 'A_std_diff', 'A_home_win_ratio', 'A_away_win_ratio', 'A_neutral_win_ratio', 'A_1_pos_win_missing', 'A_1_pos_loss_missing', 'A_ot_win_missing', 'A_ot_loss_missing', 'A_1_pos_game_ratio', 'A_1_pos_win_ratio', 'A_ot_ratio', 'A_ot_win_ratio', 'A_recent_win_ratio', 'A_recent_mean_pts_for', 'A_recent_mean_pts_against', 'A_recent_mean_score_diff', 'A_recent_std_pts_for', 'A_recent_std_pts_against', 'A_recent_std_score_diff', 'B_max_win_diff', 'B_max_loss_diff', 'B_num_games', 'B_win_ratio', 'B_mean_ppg', 'B_mean_papg', 'B_std_ppg', 'B_std_papg', 'B_mean_diff', 'B_std_diff', 'B_home_win_ratio', 'B_away_win_ratio', 'B_neutral_win_ratio', 'B_1_pos_win_missing', 'B_1_pos_loss_missing', 'B_ot_win_missing', 'B_ot_loss_missing', 'B_1_pos_game_ratio', 'B_1_pos_win_ratio', 'B_ot_ratio', 'B_ot_win_ratio', 'B_recent_win_ratio', 'B_recent_mean_pts_for', 'B_recent_mean_pts_against', 'B_recent_mean_score_diff', 'B_recent_std_pts_for', 'B_recent_std_pts_against', 'B_recent_std_score_diff', 'A_seed_win_prob', 'B_seed_win_prob', 'A_Loc_A', 'A_Loc_H', 'round_2', 'round_3', 'round_4', 'round_5', 'round_6']",5,0.6611404411853348,0.4760996948247086,12.133033614758695,15.041262520583155,0.8042857142857143,0.7492063492063492
W,adj_score_diff,KNeighborsRegressor(n_jobs=-1),43,"['Season', 'A_1_pos_loss_missing', 'A_1_pos_win_missing', 'A_ot_loss_missing', 'A_ot_win_missing', 'A_PlayIn', 'B_1_pos_loss_missing', 'B_1_pos_win_missing', 'B_ot_loss_missing', 'B_ot_win_missing', 'B_PlayIn', 'A_Loc_A', 'A_Loc_H', 'round_2', 'round_3', 'round_4', 'round_5', 'round_6', '1_pos_game_ratio_diff', '1_pos_win_ratio_diff', 'away_win_ratio_diff', 'home_win_ratio_diff', 'max_loss_diff_diff', 'max_win_diff_diff', 'mean_diff_diff', 'mean_papg_diff', 'mean_ppg_diff', 'neutral_win_ratio_diff', 'num_games_diff', 'ot_ratio_diff', 'ot_win_ratio_diff', 'recent_mean_pts_against_diff', 'recent_mean_pts_for_diff', 'recent_mean_score_diff_diff', 'recent_std_pts_against_diff', 'recent_std_pts_for_diff', 'recent_std_score_diff_diff', 'recent_win_ratio_diff', 'std_diff_diff', 'std_papg_diff', 'std_ppg_diff', 'win_ratio_diff', 'seed_win_prob_diff']",5,0.648998897367783,0.44523943920849895,12.34929364460794,15.473872397866348,0.8011111111111111,0.7396825396825397
M,adj_score_diff,LinearRegression(n_jobs=-1),70,"['Season', 'A_Seed', 'B_Seed', 'A_PlayIn', 'B_PlayIn', 'A_max_win_diff', 'A_max_loss_diff', 'A_num_games', 'A_win_ratio', 'A_mean_ppg', 'A_mean_papg', 'A_std_ppg', 'A_std_papg', 'A_mean_diff', 'A_std_diff', 'A_home_win_ratio', 'A_away_win_ratio', 'A_neutral_win_ratio', 'A_1_pos_win_missing', 'A_1_pos_loss_missing', 'A_ot_win_missing', 'A_ot_loss_missing', 'A_1_pos_game_ratio', 'A_1_pos_win_ratio', 'A_ot_ratio', 'A_ot_win_ratio', 'A_recent_win_ratio', 'A_recent_mean_pts_for', 'A_recent_mean_pts_against', 'A_recent_mean_score_diff', 'A_recent_std_pts_for', 'A_recent_std_pts_against', 'A_recent_std_score_diff', 'B_max_win_diff', 'B_max_loss_diff', 'B_num_games', 'B_win_ratio', 'B_mean_ppg', 'B_mean_papg', 'B_std_ppg', 'B_std_papg', 'B_mean_diff', 'B_std_diff', 'B_home_win_ratio', 'B_away_win_ratio', 'B_neutral_win_ratio', 'B_1_pos_win_missing', 'B_1_pos_loss_missing', 'B_ot_win_missing', 'B_ot_loss_missing', 'B_1_pos_game_ratio', 'B_1_pos_win_ratio', 'B_ot_ratio', 'B_ot_win_ratio', 'B_recent_win_ratio', 'B_recent_mean_pts_for', 'B_recent_mean_pts_against', 'B_recent_mean_score_diff', 'B_recent_std_pts_for', 'B_recent_std_pts_against', 'B_recent_std_score_diff', 'A_seed_win_prob', 'B_seed_win_prob', 'A_Loc_A', 'A_Loc_H', 'round_2', 'round_3', 'round_4', 'round_5', 'round_6']",5,0.43109888129884055,0.23218277101729248,11.03361132906648,11.754277099933367,0.7259722642832392,0.7024728994330938
M,adj_score_diff,LinearRegression(n_jobs=-1),43,"['Season', 'A_1_pos_loss_missing', 'A_1_pos_win_missing', 'A_ot_loss_missing', 'A_ot_win_missing', 'A_PlayIn', 'B_1_pos_loss_missing', 'B_1_pos_win_missing', 'B_ot_loss_missing', 'B_ot_win_missing', 'B_PlayIn', 'A_Loc_A', 'A_Loc_H', 'round_2', 'round_3', 'round_4', 'round_5', 'round_6', '1_pos_game_ratio_diff', '1_pos_win_ratio_diff', 'away_win_ratio_diff', 'home_win_ratio_diff', 'max_loss_diff_diff', 'max_win_diff_diff', 'mean_diff_diff', 'mean_papg_diff', 'mean_ppg_diff', 'neutral_win_ratio_diff', 'num_games_diff', 'ot_ratio_diff', 'ot_win_ratio_diff', 'recent_mean_pts_against_diff', 'recent_mean_pts_for_diff', 'recent_mean_score_diff_diff', 'recent_std_pts_against_diff', 'recent_std_pts_for_diff', 'recent_std_score_diff_diff', 'recent_win_ratio_diff', 'std_diff_diff', 'std_papg_diff', 'std_ppg_diff', 'win_ratio_diff', 'seed_win_prob_diff']",5,0.42183905429621776,-1.1447699258675219e+22,11.123275858208213,703703386296.2828,0.7206438200315934,0.6957888208523686
M,adj_score_diff,RandomForestRegressor(n_jobs=-1),70,"['Season', 'A_Seed', 'B_Seed', 'A_PlayIn', 'B_PlayIn', 'A_max_win_diff', 'A_max_loss_diff', 'A_num_games', 'A_win_ratio', 'A_mean_ppg', 'A_mean_papg', 'A_std_ppg', 'A_std_papg', 'A_mean_diff', 'A_std_diff', 'A_home_win_ratio', 'A_away_win_ratio', 'A_neutral_win_ratio', 'A_1_pos_win_missing', 'A_1_pos_loss_missing', 'A_ot_win_missing', 'A_ot_loss_missing', 'A_1_pos_game_ratio', 'A_1_pos_win_ratio', 'A_ot_ratio', 'A_ot_win_ratio', 'A_recent_win_ratio', 'A_recent_mean_pts_for', 'A_recent_mean_pts_against', 'A_recent_mean_score_diff', 'A_recent_std_pts_for', 'A_recent_std_pts_against', 'A_recent_std_score_diff', 'B_max_win_diff', 'B_max_loss_diff', 'B_num_games', 'B_win_ratio', 'B_mean_ppg', 'B_mean_papg', 'B_std_ppg', 'B_std_papg', 'B_mean_diff', 'B_std_diff', 'B_home_win_ratio', 'B_away_win_ratio', 'B_neutral_win_ratio', 'B_1_pos_win_missing', 'B_1_pos_loss_missing', 'B_ot_win_missing', 'B_ot_loss_missing', 'B_1_pos_game_ratio', 'B_1_pos_win_ratio', 'B_ot_ratio', 'B_ot_win_ratio', 'B_recent_win_ratio', 'B_recent_mean_pts_for', 'B_recent_mean_pts_against', 'B_recent_mean_score_diff', 'B_recent_std_pts_for', 'B_recent_std_pts_against', 'B_recent_std_score_diff', 'A_seed_win_prob', 'B_seed_win_prob', 'A_Loc_A', 'A_Loc_H', 'round_2', 'round_3', 'round_4', 'round_5', 'round_6']",5,0.9134480799445509,0.2171358734860862,4.303559750034744,11.85047702024528,0.9309445585775828,0.6686262349210785
M,adj_score_diff,RandomForestRegressor(n_jobs=-1),43,"['Season', 'A_1_pos_loss_missing', 'A_1_pos_win_missing', 'A_ot_loss_missing', 'A_ot_win_missing', 'A_PlayIn', 'B_1_pos_loss_missing', 'B_1_pos_win_missing', 'B_ot_loss_missing', 'B_ot_win_missing', 'B_PlayIn', 'A_Loc_A', 'A_Loc_H', 'round_2', 'round_3', 'round_4', 'round_5', 'round_6', '1_pos_game_ratio_diff', '1_pos_win_ratio_diff', 'away_win_ratio_diff', 'home_win_ratio_diff', 'max_loss_diff_diff', 'max_win_diff_diff', 'mean_diff_diff', 'mean_papg_diff', 'mean_ppg_diff', 'neutral_win_ratio_diff', 'num_games_diff', 'ot_ratio_diff', 'ot_win_ratio_diff', 'recent_mean_pts_against_diff', 'recent_mean_pts_for_diff', 'recent_mean_score_diff_diff', 'recent_std_pts_against_diff', 'recent_std_pts_for_diff', 'recent_std_score_diff_diff', 'recent_win_ratio_diff', 'std_diff_diff', 'std_papg_diff', 'std_ppg_diff', 'win_ratio_diff', 'seed_win_prob_diff']",5,0.913006096767211,0.21553559187692897,4.3146019161092415,11.880223487328655,0.9347053318818871,0.6753024519352557
M,adj_score_diff,"XGBRegressor(base_score=0.5, booster='gbtree', colsample_bylevel=1,
             colsample_bynode=1, colsample_bytree=1, gamma=0, gpu_id=-1,
             importance_type='gain', interaction_constraints='',
             learning_rate=0.300000012, max_delta_step=0, max_depth=6,
             min_child_weight=1, missing=nan, monotone_constraints='()',
             n_estimators=100, n_jobs=-1, num_parallel_tree=1, random_state=0,
             reg_alpha=0, reg_lambda=1, scale_pos_weight=1, subsample=1,
             tree_method='exact', validate_parameters=1, verbosity=None)",70,"['Season', 'A_Seed', 'B_Seed', 'A_PlayIn', 'B_PlayIn', 'A_max_win_diff', 'A_max_loss_diff', 'A_num_games', 'A_win_ratio', 'A_mean_ppg', 'A_mean_papg', 'A_std_ppg', 'A_std_papg', 'A_mean_diff', 'A_std_diff', 'A_home_win_ratio', 'A_away_win_ratio', 'A_neutral_win_ratio', 'A_1_pos_win_missing', 'A_1_pos_loss_missing', 'A_ot_win_missing', 'A_ot_loss_missing', 'A_1_pos_game_ratio', 'A_1_pos_win_ratio', 'A_ot_ratio', 'A_ot_win_ratio', 'A_recent_win_ratio', 'A_recent_mean_pts_for', 'A_recent_mean_pts_against', 'A_recent_mean_score_diff', 'A_recent_std_pts_for', 'A_recent_std_pts_against', 'A_recent_std_score_diff', 'B_max_win_diff', 'B_max_loss_diff', 'B_num_games', 'B_win_ratio', 'B_mean_ppg', 'B_mean_papg', 'B_std_ppg', 'B_std_papg', 'B_mean_diff', 'B_std_diff', 'B_home_win_ratio', 'B_away_win_ratio', 'B_neutral_win_ratio', 'B_1_pos_win_missing', 'B_1_pos_loss_missing', 'B_ot_win_missing', 'B_ot_loss_missing', 'B_1_pos_game_ratio', 'B_1_pos_win_ratio', 'B_ot_ratio', 'B_ot_win_ratio', 'B_recent_win_ratio', 'B_recent_mean_pts_for', 'B_recent_mean_pts_against', 'B_recent_mean_score_diff', 'B_recent_std_pts_for', 'B_recent_std_pts_against', 'B_recent_std_score_diff', 'A_seed_win_prob', 'B_seed_win_prob', 'A_Loc_A', 'A_Loc_H', 'round_2', 'round_3', 'round_4', 'round_5', 'round_6']",5,0.9976984299707572,0.1089041670546568,0.6962910067439709,12.654954276262242,0.9944631695545535,0.6481416130187542
M,adj_score_diff,"XGBRegressor(base_score=0.5, booster='gbtree', colsample_bylevel=1,
             colsample_bynode=1, colsample_bytree=1, gamma=0, gpu_id=-1,
             importance_type='gain', interaction_constraints='',
             learning_rate=0.300000012, max_delta_step=0, max_depth=6,
             min_child_weight=1, missing=nan, monotone_constraints='()',
             n_estimators=100, n_jobs=-1, num_parallel_tree=1, random_state=0,
             reg_alpha=0, reg_lambda=1, scale_pos_weight=1, subsample=1,
             tree_method='exact', validate_parameters=1, verbosity=None)",43,"['Season', 'A_1_pos_loss_missing', 'A_1_pos_win_missing', 'A_ot_loss_missing', 'A_ot_win_missing', 'A_PlayIn', 'B_1_pos_loss_missing', 'B_1_pos_win_missing', 'B_ot_loss_missing', 'B_ot_win_missing', 'B_PlayIn', 'A_Loc_A', 'A_Loc_H', 'round_2', 'round_3', 'round_4', 'round_5', 'round_6', '1_pos_game_ratio_diff', '1_pos_win_ratio_diff', 'away_win_ratio_diff', 'home_win_ratio_diff', 'max_loss_diff_diff', 'max_win_diff_diff', 'mean_diff_diff', 'mean_papg_diff', 'mean_ppg_diff', 'neutral_win_ratio_diff', 'num_games_diff', 'ot_ratio_diff', 'ot_win_ratio_diff', 'recent_mean_pts_against_diff', 'recent_mean_pts_for_diff', 'recent_mean_score_diff_diff', 'recent_std_pts_against_diff', 'recent_std_pts_for_diff', 'recent_std_score_diff_diff', 'recent_win_ratio_diff', 'std_diff_diff', 'std_papg_diff', 'std_ppg_diff', 'win_ratio_diff', 'seed_win_prob_diff']",5,0.996125718566787,0.10469769361841963,0.9101024193487259,12.713481004770896,0.9925826192054696,0.6514784112647514
M,adj_score_diff,SVR(),70,"['Season', 'A_Seed', 'B_Seed', 'A_PlayIn', 'B_PlayIn', 'A_max_win_diff', 'A_max_loss_diff', 'A_num_games', 'A_win_ratio', 'A_mean_ppg', 'A_mean_papg', 'A_std_ppg', 'A_std_papg', 'A_mean_diff', 'A_std_diff', 'A_home_win_ratio', 'A_away_win_ratio', 'A_neutral_win_ratio', 'A_1_pos_win_missing', 'A_1_pos_loss_missing', 'A_ot_win_missing', 'A_ot_loss_missing', 'A_1_pos_game_ratio', 'A_1_pos_win_ratio', 'A_ot_ratio', 'A_ot_win_ratio', 'A_recent_win_ratio', 'A_recent_mean_pts_for', 'A_recent_mean_pts_against', 'A_recent_mean_score_diff', 'A_recent_std_pts_for', 'A_recent_std_pts_against', 'A_recent_std_score_diff', 'B_max_win_diff', 'B_max_loss_diff', 'B_num_games', 'B_win_ratio', 'B_mean_ppg', 'B_mean_papg', 'B_std_ppg', 'B_std_papg', 'B_mean_diff', 'B_std_diff', 'B_home_win_ratio', 'B_away_win_ratio', 'B_neutral_win_ratio', 'B_1_pos_win_missing', 'B_1_pos_loss_missing', 'B_ot_win_missing', 'B_ot_loss_missing', 'B_1_pos_game_ratio', 'B_1_pos_win_ratio', 'B_ot_ratio', 'B_ot_win_ratio', 'B_recent_win_ratio', 'B_recent_mean_pts_for', 'B_recent_mean_pts_against', 'B_recent_mean_score_diff', 'B_recent_std_pts_for', 'B_recent_std_pts_against', 'B_recent_std_score_diff', 'A_seed_win_prob', 'B_seed_win_prob', 'A_Loc_A', 'A_Loc_H', 'round_2', 'round_3', 'round_4', 'round_5', 'round_6']",5,0.38645976596574194,0.1602027347860246,11.458109230466023,12.239305761738825,0.725449798243532,0.6752972108908901
M,adj_score_diff,SVR(),43,"['Season', 'A_1_pos_loss_missing', 'A_1_pos_win_missing', 'A_ot_loss_missing', 'A_ot_win_missing', 'A_PlayIn', 'B_1_pos_loss_missing', 'B_1_pos_win_missing', 'B_ot_loss_missing', 'B_ot_win_missing', 'B_PlayIn', 'A_Loc_A', 'A_Loc_H', 'round_2', 'round_3', 'round_4', 'round_5', 'round_6', '1_pos_game_ratio_diff', '1_pos_win_ratio_diff', 'away_win_ratio_diff', 'home_win_ratio_diff', 'max_loss_diff_diff', 'max_win_diff_diff', 'mean_diff_diff', 'mean_papg_diff', 'mean_ppg_diff', 'neutral_win_ratio_diff', 'num_games_diff', 'ot_ratio_diff', 'ot_win_ratio_diff', 'recent_mean_pts_against_diff', 'recent_mean_pts_for_diff', 'recent_mean_score_diff_diff', 'recent_std_pts_against_diff', 'recent_std_pts_for_diff', 'recent_std_score_diff_diff', 'recent_win_ratio_diff', 'std_diff_diff', 'std_papg_diff', 'std_ppg_diff', 'win_ratio_diff', 'seed_win_prob_diff']",5,0.36952866490008945,0.1385651858227555,11.61557137811231,12.395664684461632,0.7239875481200772,0.6681903547313527
M,adj_score_diff,KNeighborsRegressor(n_jobs=-1),70,"['Season', 'A_Seed', 'B_Seed', 'A_PlayIn', 'B_PlayIn', 'A_max_win_diff', 'A_max_loss_diff', 'A_num_games', 'A_win_ratio', 'A_mean_ppg', 'A_mean_papg', 'A_std_ppg', 'A_std_papg', 'A_mean_diff', 'A_std_diff', 'A_home_win_ratio', 'A_away_win_ratio', 'A_neutral_win_ratio', 'A_1_pos_win_missing', 'A_1_pos_loss_missing', 'A_ot_win_missing', 'A_ot_loss_missing', 'A_1_pos_game_ratio', 'A_1_pos_win_ratio', 'A_ot_ratio', 'A_ot_win_ratio', 'A_recent_win_ratio', 'A_recent_mean_pts_for', 'A_recent_mean_pts_against', 'A_recent_mean_score_diff', 'A_recent_std_pts_for', 'A_recent_std_pts_against', 'A_recent_std_score_diff', 'B_max_win_diff', 'B_max_loss_diff', 'B_num_games', 'B_win_ratio', 'B_mean_ppg', 'B_mean_papg', 'B_std_ppg', 'B_std_papg', 'B_mean_diff', 'B_std_diff', 'B_home_win_ratio', 'B_away_win_ratio', 'B_neutral_win_ratio', 'B_1_pos_win_missing', 'B_1_pos_loss_missing', 'B_ot_win_missing', 'B_ot_loss_missing', 'B_1_pos_game_ratio', 'B_1_pos_win_ratio', 'B_ot_ratio', 'B_ot_win_ratio', 'B_recent_win_ratio', 'B_recent_mean_pts_for', 'B_recent_mean_pts_against', 'B_recent_mean_score_diff', 'B_recent_std_pts_for', 'B_recent_std_pts_against', 'B_recent_std_score_diff', 'A_seed_win_prob', 'B_seed_win_prob', 'A_Loc_A', 'A_Loc_H', 'round_2', 'round_3', 'round_4', 'round_5', 'round_6']",5,0.48882520472948077,0.0004736094857616946,10.458333599217672,13.399643987187115,0.7370456523459135,0.6222403717647469
M,adj_score_diff,KNeighborsRegressor(n_jobs=-1),43,"['Season', 'A_1_pos_loss_missing', 'A_1_pos_win_missing', 'A_ot_loss_missing', 'A_ot_win_missing', 'A_PlayIn', 'B_1_pos_loss_missing', 'B_1_pos_win_missing', 'B_ot_loss_missing', 'B_ot_win_missing', 'B_PlayIn', 'A_Loc_A', 'A_Loc_H', 'round_2', 'round_3', 'round_4', 'round_5', 'round_6', '1_pos_game_ratio_diff', '1_pos_win_ratio_diff', 'away_win_ratio_diff', 'home_win_ratio_diff', 'max_loss_diff_diff', 'max_win_diff_diff', 'mean_diff_diff', 'mean_papg_diff', 'mean_ppg_diff', 'neutral_win_ratio_diff', 'num_games_diff', 'ot_ratio_diff', 'ot_win_ratio_diff', 'recent_mean_pts_against_diff', 'recent_mean_pts_for_diff', 'recent_mean_score_diff_diff', 'recent_std_pts_against_diff', 'recent_std_pts_for_diff', 'recent_std_score_diff_diff', 'recent_win_ratio_diff', 'std_diff_diff', 'std_papg_diff', 'std_ppg_diff', 'win_ratio_diff', 'seed_win_prob_diff']",5,0.46907658905209126,-0.02126716846822587,10.659475253697357,13.529389648217466,0.7371510186041562,0.6092766485268297
W,adj_score_diff,LinearRegression(n_jobs=-1),70,"['Season', 'A_Seed', 'B_Seed', 'A_PlayIn', 'B_PlayIn', 'A_max_win_diff', 'A_max_loss_diff', 'A_num_games', 'A_win_ratio', 'A_mean_ppg', 'A_mean_papg', 'A_std_ppg', 'A_std_papg', 'A_mean_diff', 'A_std_diff', 'A_home_win_ratio', 'A_away_win_ratio', 'A_neutral_win_ratio', 'A_1_pos_win_missing', 'A_1_pos_loss_missing', 'A_ot_win_missing', 'A_ot_loss_missing', 'A_1_pos_game_ratio', 'A_1_pos_win_ratio', 'A_ot_ratio', 'A_ot_win_ratio', 'A_recent_win_ratio', 'A_recent_mean_pts_for', 'A_recent_mean_pts_against', 'A_recent_mean_score_diff', 'A_recent_std_pts_for', 'A_recent_std_pts_against', 'A_recent_std_score_diff', 'B_max_win_diff', 'B_max_loss_diff', 'B_num_games', 'B_win_ratio', 'B_mean_ppg', 'B_mean_papg', 'B_std_ppg', 'B_std_papg', 'B_mean_diff', 'B_std_diff', 'B_home_win_ratio', 'B_away_win_ratio', 'B_neutral_win_ratio', 'B_1_pos_win_missing', 'B_1_pos_loss_missing', 'B_ot_win_missing', 'B_ot_loss_missing', 'B_1_pos_game_ratio', 'B_1_pos_win_ratio', 'B_ot_ratio', 'B_ot_win_ratio', 'B_recent_win_ratio', 'B_recent_mean_pts_for', 'B_recent_mean_pts_against', 'B_recent_mean_score_diff', 'B_recent_std_pts_for', 'B_recent_std_pts_against', 'B_recent_std_score_diff', 'A_seed_win_prob', 'B_seed_win_prob', 'A_Loc_A', 'A_Loc_H', 'round_2', 'round_3', 'round_4', 'round_5', 'round_6']",5,0.6724760063372964,0.6351731124956672,11.930200168916647,12.560103369080808,0.8,0.7898412698412699
W,adj_score_diff,LinearRegression(n_jobs=-1),43,"['Season', 'A_1_pos_loss_missing', 'A_1_pos_win_missing', 'A_ot_loss_missing', 'A_ot_win_missing', 'A_PlayIn', 'B_1_pos_loss_missing', 'B_1_pos_win_missing', 'B_ot_loss_missing', 'B_ot_win_missing', 'B_PlayIn', 'A_Loc_A', 'A_Loc_H', 'round_2', 'round_3', 'round_4', 'round_5', 'round_6', '1_pos_game_ratio_diff', '1_pos_win_ratio_diff', 'away_win_ratio_diff', 'home_win_ratio_diff', 'max_loss_diff_diff', 'max_win_diff_diff', 'mean_diff_diff', 'mean_papg_diff', 'mean_ppg_diff', 'neutral_win_ratio_diff', 'num_games_diff', 'ot_ratio_diff', 'ot_win_ratio_diff', 'recent_mean_pts_against_diff', 'recent_mean_pts_for_diff', 'recent_mean_score_diff_diff', 'recent_std_pts_against_diff', 'recent_std_pts_for_diff', 'recent_std_score_diff_diff', 'recent_win_ratio_diff', 'std_diff_diff', 'std_papg_diff', 'std_ppg_diff', 'win_ratio_diff', 'seed_win_prob_diff']",5,0.6450730072032334,0.6196441890775104,12.419106076222153,12.822630336075274,0.7952380952380953,0.7892063492063492
W,adj_score_diff,RandomForestRegressor(n_jobs=-1),70,"['Season', 'A_Seed', 'B_Seed', 'A_PlayIn', 'B_PlayIn', 'A_max_win_diff', 'A_max_loss_diff', 'A_num_games', 'A_win_ratio', 'A_mean_ppg', 'A_mean_papg', 'A_std_ppg', 'A_std_papg', 'A_mean_diff', 'A_std_diff', 'A_home_win_ratio', 'A_away_win_ratio', 'A_neutral_win_ratio', 'A_1_pos_win_missing', 'A_1_pos_loss_missing', 'A_ot_win_missing', 'A_ot_loss_missing', 'A_1_pos_game_ratio', 'A_1_pos_win_ratio', 'A_ot_ratio', 'A_ot_win_ratio', 'A_recent_win_ratio', 'A_recent_mean_pts_for', 'A_recent_mean_pts_against', 'A_recent_mean_score_diff', 'A_recent_std_pts_for', 'A_recent_std_pts_against', 'A_recent_std_score_diff', 'B_max_win_diff', 'B_max_loss_diff', 'B_num_games', 'B_win_ratio', 'B_mean_ppg', 'B_mean_papg', 'B_std_ppg', 'B_std_papg', 'B_mean_diff', 'B_std_diff', 'B_home_win_ratio', 'B_away_win_ratio', 'B_neutral_win_ratio', 'B_1_pos_win_missing', 'B_1_pos_loss_missing', 'B_ot_win_missing', 'B_ot_loss_missing', 'B_1_pos_game_ratio', 'B_1_pos_win_ratio', 'B_ot_ratio', 'B_ot_win_ratio', 'B_recent_win_ratio', 'B_recent_mean_pts_for', 'B_recent_mean_pts_against', 'B_recent_mean_score_diff', 'B_recent_std_pts_for', 'B_recent_std_pts_against', 'B_recent_std_score_diff', 'A_seed_win_prob', 'B_seed_win_prob', 'A_Loc_A', 'A_Loc_H', 'round_2', 'round_3', 'round_4', 'round_5', 'round_6']",5,0.9463788913640357,0.6120908963413256,4.8271344256362765,12.947706310534226,0.9506349206349206,0.7739682539682539
W,adj_score_diff,RandomForestRegressor(n_jobs=-1),43,"['Season', 'A_1_pos_loss_missing', 'A_1_pos_win_missing', 'A_ot_loss_missing', 'A_ot_win_missing', 'A_PlayIn', 'B_1_pos_loss_missing', 'B_1_pos_win_missing', 'B_ot_loss_missing', 'B_ot_win_missing', 'B_PlayIn', 'A_Loc_A', 'A_Loc_H', 'round_2', 'round_3', 'round_4', 'round_5', 'round_6', '1_pos_game_ratio_diff', '1_pos_win_ratio_diff', 'away_win_ratio_diff', 'home_win_ratio_diff', 'max_loss_diff_diff', 'max_win_diff_diff', 'mean_diff_diff', 'mean_papg_diff', 'mean_ppg_diff', 'neutral_win_ratio_diff', 'num_games_diff', 'ot_ratio_diff', 'ot_win_ratio_diff', 'recent_mean_pts_against_diff', 'recent_mean_pts_for_diff', 'recent_mean_score_diff_diff', 'recent_std_pts_against_diff', 'recent_std_pts_for_diff', 'recent_std_score_diff_diff', 'recent_win_ratio_diff', 'std_diff_diff', 'std_papg_diff', 'std_ppg_diff', 'win_ratio_diff', 'seed_win_prob_diff']",5,0.9464324163422484,0.6153322368169455,4.824597906762667,12.89154260492192,0.9444444444444444,0.77015873015873
W,adj_score_diff,"XGBRegressor(base_score=0.5, booster='gbtree', colsample_bylevel=1,
             colsample_bynode=1, colsample_bytree=1, gamma=0, gpu_id=-1,
             importance_type='gain', interaction_constraints='',
             learning_rate=0.300000012, max_delta_step=0, max_depth=6,
             min_child_weight=1, missing=nan, monotone_constraints='()',
             n_estimators=100, n_jobs=-1, num_parallel_tree=1, random_state=0,
             reg_alpha=0, reg_lambda=1, scale_pos_weight=1, subsample=1,
             tree_method='exact', validate_parameters=1, verbosity=None)",70,"['Season', 'A_Seed', 'B_Seed', 'A_PlayIn', 'B_PlayIn', 'A_max_win_diff', 'A_max_loss_diff', 'A_num_games', 'A_win_ratio', 'A_mean_ppg', 'A_mean_papg', 'A_std_ppg', 'A_std_papg', 'A_mean_diff', 'A_std_diff', 'A_home_win_ratio', 'A_away_win_ratio', 'A_neutral_win_ratio', 'A_1_pos_win_missing', 'A_1_pos_loss_missing', 'A_ot_win_missing', 'A_ot_loss_missing', 'A_1_pos_game_ratio', 'A_1_pos_win_ratio', 'A_ot_ratio', 'A_ot_win_ratio', 'A_recent_win_ratio', 'A_recent_mean_pts_for', 'A_recent_mean_pts_against', 'A_recent_mean_score_diff', 'A_recent_std_pts_for', 'A_recent_std_pts_against', 'A_recent_std_score_diff', 'B_max_win_diff', 'B_max_loss_diff', 'B_num_games', 'B_win_ratio', 'B_mean_ppg', 'B_mean_papg', 'B_std_ppg', 'B_std_papg', 'B_mean_diff', 'B_std_diff', 'B_home_win_ratio', 'B_away_win_ratio', 'B_neutral_win_ratio', 'B_1_pos_win_missing', 'B_1_pos_loss_missing', 'B_ot_win_missing', 'B_ot_loss_missing', 'B_1_pos_game_ratio', 'B_1_pos_win_ratio', 'B_ot_ratio', 'B_ot_win_ratio', 'B_recent_win_ratio', 'B_recent_mean_pts_for', 'B_recent_mean_pts_against', 'B_recent_mean_score_diff', 'B_recent_std_pts_for', 'B_recent_std_pts_against', 'B_recent_std_score_diff', 'A_seed_win_prob', 'B_seed_win_prob', 'A_Loc_A', 'A_Loc_H', 'round_2', 'round_3', 'round_4', 'round_5', 'round_6']",5,0.9997184286157786,0.5530437887198911,0.3458171349739315,13.89910233196601,1.0,0.765079365079365
W,adj_score_diff,"XGBRegressor(base_score=0.5, booster='gbtree', colsample_bylevel=1,
             colsample_bynode=1, colsample_bytree=1, gamma=0, gpu_id=-1,
             importance_type='gain', interaction_constraints='',
             learning_rate=0.300000012, max_delta_step=0, max_depth=6,
             min_child_weight=1, missing=nan, monotone_constraints='()',
             n_estimators=100, n_jobs=-1, num_parallel_tree=1, random_state=0,
             reg_alpha=0, reg_lambda=1, scale_pos_weight=1, subsample=1,
             tree_method='exact', validate_parameters=1, verbosity=None)",43,"['Season', 'A_1_pos_loss_missing', 'A_1_pos_win_missing', 'A_ot_loss_missing', 'A_ot_win_missing', 'A_PlayIn', 'B_1_pos_loss_missing', 'B_1_pos_win_missing', 'B_ot_loss_missing', 'B_ot_win_missing', 'B_PlayIn', 'A_Loc_A', 'A_Loc_H', 'round_2', 'round_3', 'round_4', 'round_5', 'round_6', '1_pos_game_ratio_diff', '1_pos_win_ratio_diff', 'away_win_ratio_diff', 'home_win_ratio_diff', 'max_loss_diff_diff', 'max_win_diff_diff', 'mean_diff_diff', 'mean_papg_diff', 'mean_ppg_diff', 'neutral_win_ratio_diff', 'num_games_diff', 'ot_ratio_diff', 'ot_win_ratio_diff', 'recent_mean_pts_against_diff', 'recent_mean_pts_for_diff', 'recent_mean_score_diff_diff', 'recent_std_pts_against_diff', 'recent_std_pts_for_diff', 'recent_std_score_diff_diff', 'recent_win_ratio_diff', 'std_diff_diff', 'std_papg_diff', 'std_ppg_diff', 'win_ratio_diff', 'seed_win_prob_diff']",5,0.9994416770206085,0.5485197860787786,0.4921562903818568,13.948306879890813,0.9988888888888889,0.7498412698412699
W,adj_score_diff,SVR(),70,"['Season', 'A_Seed', 'B_Seed', 'A_PlayIn', 'B_PlayIn', 'A_max_win_diff', 'A_max_loss_diff', 'A_num_games', 'A_win_ratio', 'A_mean_ppg', 'A_mean_papg', 'A_std_ppg', 'A_std_papg', 'A_mean_diff', 'A_std_diff', 'A_home_win_ratio', 'A_away_win_ratio', 'A_neutral_win_ratio', 'A_1_pos_win_missing', 'A_1_pos_loss_missing', 'A_ot_win_missing', 'A_ot_loss_missing', 'A_1_pos_game_ratio', 'A_1_pos_win_ratio', 'A_ot_ratio', 'A_ot_win_ratio', 'A_recent_win_ratio', 'A_recent_mean_pts_for', 'A_recent_mean_pts_against', 'A_recent_mean_score_diff', 'A_recent_std_pts_for', 'A_recent_std_pts_against', 'A_recent_std_score_diff', 'B_max_win_diff', 'B_max_loss_diff', 'B_num_games', 'B_win_ratio', 'B_mean_ppg', 'B_mean_papg', 'B_std_ppg', 'B_std_papg', 'B_mean_diff', 'B_std_diff', 'B_home_win_ratio', 'B_away_win_ratio', 'B_neutral_win_ratio', 'B_1_pos_win_missing', 'B_1_pos_loss_missing', 'B_ot_win_missing', 'B_ot_loss_missing', 'B_1_pos_game_ratio', 'B_1_pos_win_ratio', 'B_ot_ratio', 'B_ot_win_ratio', 'B_recent_win_ratio', 'B_recent_mean_pts_for', 'B_recent_mean_pts_against', 'B_recent_mean_score_diff', 'B_recent_std_pts_for', 'B_recent_std_pts_against', 'B_recent_std_score_diff', 'A_seed_win_prob', 'B_seed_win_prob', 'A_Loc_A', 'A_Loc_H', 'round_2', 'round_3', 'round_4', 'round_5', 'round_6']",5,0.568058751166284,0.5424771836299079,13.699964531551625,14.06563736941662,0.7979365079365079,0.7904761904761906
W,adj_score_diff,SVR(),43,"['Season', 'A_1_pos_loss_missing', 'A_1_pos_win_missing', 'A_ot_loss_missing', 'A_ot_win_missing', 'A_PlayIn', 'B_1_pos_loss_missing', 'B_1_pos_win_missing', 'B_ot_loss_missing', 'B_ot_win_missing', 'B_PlayIn', 'A_Loc_A', 'A_Loc_H', 'round_2', 'round_3', 'round_4', 'round_5', 'round_6', '1_pos_game_ratio_diff', '1_pos_win_ratio_diff', 'away_win_ratio_diff', 'home_win_ratio_diff', 'max_loss_diff_diff', 'max_win_diff_diff', 'mean_diff_diff', 'mean_papg_diff', 'mean_ppg_diff', 'neutral_win_ratio_diff', 'num_games_diff', 'ot_ratio_diff', 'ot_win_ratio_diff', 'recent_mean_pts_against_diff', 'recent_mean_pts_for_diff', 'recent_mean_score_diff_diff', 'recent_std_pts_against_diff', 'recent_std_pts_for_diff', 'recent_std_score_diff_diff', 'recent_win_ratio_diff', 'std_diff_diff', 'std_papg_diff', 'std_ppg_diff', 'win_ratio_diff', 'seed_win_prob_diff']",5,0.5416506639592724,0.5180457165494279,14.112739658493656,14.43660806260733,0.7955555555555556,0.7828571428571429
W,adj_score_diff,KNeighborsRegressor(n_jobs=-1),70,"['Season', 'A_Seed', 'B_Seed', 'A_PlayIn', 'B_PlayIn', 'A_max_win_diff', 'A_max_loss_diff', 'A_num_games', 'A_win_ratio', 'A_mean_ppg', 'A_mean_papg', 'A_std_ppg', 'A_std_papg', 'A_mean_diff', 'A_std_diff', 'A_home_win_ratio', 'A_away_win_ratio', 'A_neutral_win_ratio', 'A_1_pos_win_missing', 'A_1_pos_loss_missing', 'A_ot_win_missing', 'A_ot_loss_missing', 'A_1_pos_game_ratio', 'A_1_pos_win_ratio', 'A_ot_ratio', 'A_ot_win_ratio', 'A_recent_win_ratio', 'A_recent_mean_pts_for', 'A_recent_mean_pts_against', 'A_recent_mean_score_diff', 'A_recent_std_pts_for', 'A_recent_std_pts_against', 'A_recent_std_score_diff', 'B_max_win_diff', 'B_max_loss_diff', 'B_num_games', 'B_win_ratio', 'B_mean_ppg', 'B_mean_papg', 'B_std_ppg', 'B_std_papg', 'B_mean_diff', 'B_std_diff', 'B_home_win_ratio', 'B_away_win_ratio', 'B_neutral_win_ratio', 'B_1_pos_win_missing', 'B_1_pos_loss_missing', 'B_ot_win_missing', 'B_ot_loss_missing', 'B_1_pos_game_ratio', 'B_1_pos_win_ratio', 'B_ot_ratio', 'B_ot_win_ratio', 'B_recent_win_ratio', 'B_recent_mean_pts_for', 'B_recent_mean_pts_against', 'B_recent_mean_score_diff', 'B_recent_std_pts_for', 'B_recent_std_pts_against', 'B_recent_std_score_diff', 'A_seed_win_prob', 'B_seed_win_prob', 'A_Loc_A', 'A_Loc_H', 'round_2', 'round_3', 'round_4', 'round_5', 'round_6']",5,0.6811117073242198,0.5089741792853586,11.771017594034523,14.558973898986078,0.807936507936508,0.7479365079365079
W,adj_score_diff,KNeighborsRegressor(n_jobs=-1),43,"['Season', 'A_1_pos_loss_missing', 'A_1_pos_win_missing', 'A_ot_loss_missing', 'A_ot_win_missing', 'A_PlayIn', 'B_1_pos_loss_missing', 'B_1_pos_win_missing', 'B_ot_loss_missing', 'B_ot_win_missing', 'B_PlayIn', 'A_Loc_A', 'A_Loc_H', 'round_2', 'round_3', 'round_4', 'round_5', 'round_6', '1_pos_game_ratio_diff', '1_pos_win_ratio_diff', 'away_win_ratio_diff', 'home_win_ratio_diff', 'max_loss_diff_diff', 'max_win_diff_diff', 'mean_diff_diff', 'mean_papg_diff', 'mean_ppg_diff', 'neutral_win_ratio_diff', 'num_games_diff', 'ot_ratio_diff', 'ot_win_ratio_diff', 'recent_mean_pts_against_diff', 'recent_mean_pts_for_diff', 'recent_mean_score_diff_diff', 'recent_std_pts_against_diff', 'recent_std_pts_for_diff', 'recent_std_score_diff_diff', 'recent_win_ratio_diff', 'std_diff_diff', 'std_papg_diff', 'std_ppg_diff', 'win_ratio_diff', 'seed_win_prob_diff']",5,0.648998897367783,0.44523943920849895,12.34929364460794,15.473872397866348,0.8011111111111111,0.7396825396825397
