Tournament,Model,Scaler,Features,Num_CV_Folds,Train_RMSE,Val_RMSE,Train_R2,Val_R2
M,LinearRegression(n_jobs=-1),,"['Round', 'Pct_upsets', 'Avg_seed_diff', 'Std_seed_diff', 'Avg_seed', 'Std_seed']",3,0.2402143479477711,0.26915408843330224,0.09707527772300321,-0.14224683077896136
M,LinearRegression(n_jobs=-1),,"['Round', 'Pct_upsets', 'Avg_seed_diff', 'Std_seed_diff', 'Avg_seed', 'Std_seed']",6,0.24274195038956933,0.26823114136378673,0.07779578760951951,-0.28328723993840904
M,LinearRegression(n_jobs=-1),,"['Round', 'Pct_upsets', 'Avg_seed_diff', 'Std_seed_diff', 'Avg_seed', 'Std_seed']",9,0.24374644250887634,0.26043421064369054,0.07228118994011201,-0.252161275861706
M,LinearRegression(n_jobs=-1),,"['Round', 'Pct_upsets', 'Avg_seed_diff', 'Std_seed_diff']",3,0.24837249636505965,0.2618206471054901,0.03529848868880451,-0.08016380825905907
M,LinearRegression(n_jobs=-1),,"['Round', 'Pct_upsets', 'Avg_seed_diff', 'Std_seed_diff']",6,0.24917837608200089,0.26149282378197125,0.028892416777938024,-0.17874986330528353
M,LinearRegression(n_jobs=-1),,"['Round', 'Pct_upsets', 'Avg_seed_diff', 'Std_seed_diff']",9,0.24990127112083446,0.25465842836047287,0.025008474104272427,-0.18429793798448058
M,LinearRegression(n_jobs=-1),,"['Pct_upsets', 'Avg_seed_diff', 'Std_seed_diff']",3,0.24881169227903235,0.25965337008704165,0.03190620269227514,-0.062198181734735014
M,LinearRegression(n_jobs=-1),,"['Pct_upsets', 'Avg_seed_diff', 'Std_seed_diff']",6,0.24945048832831074,0.2591441624375055,0.026764731373056922,-0.15697671590664766
M,LinearRegression(n_jobs=-1),,"['Pct_upsets', 'Avg_seed_diff', 'Std_seed_diff']",9,0.25016948484197765,0.25028366499180227,0.02291897665420946,-0.12760601454539156
M,LinearRegression(n_jobs=-1),StandardScaler(),"['Round', 'Pct_upsets', 'Avg_seed_diff', 'Std_seed_diff', 'Avg_seed', 'Std_seed']",3,0.2402143479477711,0.26915408843330224,0.09707527772300328,-0.14224683077896136
M,LinearRegression(n_jobs=-1),StandardScaler(),"['Round', 'Pct_upsets', 'Avg_seed_diff', 'Std_seed_diff', 'Avg_seed', 'Std_seed']",6,0.24274195038956928,0.26823114136378673,0.07779578760951954,-0.28328723993840904
M,LinearRegression(n_jobs=-1),StandardScaler(),"['Round', 'Pct_upsets', 'Avg_seed_diff', 'Std_seed_diff', 'Avg_seed', 'Std_seed']",9,0.24374644250887634,0.26043421064369054,0.07228118994011196,-0.25216127586170595
M,LinearRegression(n_jobs=-1),StandardScaler(),"['Round', 'Pct_upsets', 'Avg_seed_diff', 'Std_seed_diff']",3,0.24837249636505965,0.2618206471054901,0.03529848868880451,-0.080163808259059
M,LinearRegression(n_jobs=-1),StandardScaler(),"['Round', 'Pct_upsets', 'Avg_seed_diff', 'Std_seed_diff']",6,0.2491783760820009,0.2614928237819712,0.028892416777938062,-0.1787498633052835
M,LinearRegression(n_jobs=-1),StandardScaler(),"['Round', 'Pct_upsets', 'Avg_seed_diff', 'Std_seed_diff']",9,0.24990127112083446,0.25465842836047287,0.025008474104272402,-0.18429793798448055
M,LinearRegression(n_jobs=-1),StandardScaler(),"['Pct_upsets', 'Avg_seed_diff', 'Std_seed_diff']",3,0.24881169227903235,0.25965337008704165,0.03190620269227521,-0.06219818173473494
M,LinearRegression(n_jobs=-1),StandardScaler(),"['Pct_upsets', 'Avg_seed_diff', 'Std_seed_diff']",6,0.24945048832831074,0.2591441624375055,0.02676473137305696,-0.15697671590664758
M,LinearRegression(n_jobs=-1),StandardScaler(),"['Pct_upsets', 'Avg_seed_diff', 'Std_seed_diff']",9,0.25016948484197765,0.25028366499180227,0.022918976654209486,-0.12760601454539142
M,LinearRegression(n_jobs=-1),MinMaxScaler(),"['Round', 'Pct_upsets', 'Avg_seed_diff', 'Std_seed_diff', 'Avg_seed', 'Std_seed']",3,0.2402143479477711,0.26915408843330224,0.09707527772300324,-0.14224683077896114
M,LinearRegression(n_jobs=-1),MinMaxScaler(),"['Round', 'Pct_upsets', 'Avg_seed_diff', 'Std_seed_diff', 'Avg_seed', 'Std_seed']",6,0.24274195038956928,0.26823114136378673,0.07779578760951959,-0.28328723993840904
M,LinearRegression(n_jobs=-1),MinMaxScaler(),"['Round', 'Pct_upsets', 'Avg_seed_diff', 'Std_seed_diff', 'Avg_seed', 'Std_seed']",9,0.24374644250887634,0.2604342106436905,0.07228118994011205,-0.2521612758617061
M,LinearRegression(n_jobs=-1),MinMaxScaler(),"['Round', 'Pct_upsets', 'Avg_seed_diff', 'Std_seed_diff']",3,0.24837249636505965,0.2618206471054901,0.03529848868880451,-0.080163808259059
M,LinearRegression(n_jobs=-1),MinMaxScaler(),"['Round', 'Pct_upsets', 'Avg_seed_diff', 'Std_seed_diff']",6,0.2491783760820009,0.26149282378197125,0.02889241677793808,-0.17874986330528364
M,LinearRegression(n_jobs=-1),MinMaxScaler(),"['Round', 'Pct_upsets', 'Avg_seed_diff', 'Std_seed_diff']",9,0.24990127112083446,0.25465842836047287,0.025008474104272402,-0.18429793798448058
M,LinearRegression(n_jobs=-1),MinMaxScaler(),"['Pct_upsets', 'Avg_seed_diff', 'Std_seed_diff']",3,0.24881169227903235,0.25965337008704165,0.03190620269227521,-0.06219818173473494
M,LinearRegression(n_jobs=-1),MinMaxScaler(),"['Pct_upsets', 'Avg_seed_diff', 'Std_seed_diff']",6,0.24945048832831074,0.2591441624375055,0.026764731373056905,-0.15697671590664758
M,LinearRegression(n_jobs=-1),MinMaxScaler(),"['Pct_upsets', 'Avg_seed_diff', 'Std_seed_diff']",9,0.25016948484197765,0.25028366499180227,0.02291897665420939,-0.12760601454539147
M,RandomForestRegressor(n_jobs=-1),,"['Round', 'Pct_upsets', 'Avg_seed_diff', 'Std_seed_diff', 'Avg_seed', 'Std_seed']",3,0.0927346106672257,0.24262363643317233,0.8649518068250743,0.062076984714428685
M,RandomForestRegressor(n_jobs=-1),,"['Round', 'Pct_upsets', 'Avg_seed_diff', 'Std_seed_diff', 'Avg_seed', 'Std_seed']",6,0.09357719570296526,0.22405097903846885,0.8626936036621736,0.1105315088690682
M,RandomForestRegressor(n_jobs=-1),,"['Round', 'Pct_upsets', 'Avg_seed_diff', 'Std_seed_diff', 'Avg_seed', 'Std_seed']",9,0.09305253753589986,0.21855349821379572,0.8645480025811024,0.015459049267485266
M,RandomForestRegressor(n_jobs=-1),,"['Round', 'Pct_upsets', 'Avg_seed_diff', 'Std_seed_diff']",3,0.1812390737964631,0.2648230740616276,0.4823327614240173,-0.10548219154681227
M,RandomForestRegressor(n_jobs=-1),,"['Round', 'Pct_upsets', 'Avg_seed_diff', 'Std_seed_diff']",6,0.18325741870212708,0.2682749904081296,0.4739455976937977,-0.2724087281935757
M,RandomForestRegressor(n_jobs=-1),,"['Round', 'Pct_upsets', 'Avg_seed_diff', 'Std_seed_diff']",9,0.1835036918724155,0.24891449662430587,0.47357615495177424,-0.10871146359062446
M,RandomForestRegressor(n_jobs=-1),,"['Pct_upsets', 'Avg_seed_diff', 'Std_seed_diff']",3,0.18342453621017477,0.26190403588907973,0.4701405254856465,-0.08132666550121186
M,RandomForestRegressor(n_jobs=-1),,"['Pct_upsets', 'Avg_seed_diff', 'Std_seed_diff']",6,0.1864729461637182,0.2616805064515156,0.4552377808632482,-0.21374456754373275
M,RandomForestRegressor(n_jobs=-1),,"['Pct_upsets', 'Avg_seed_diff', 'Std_seed_diff']",9,0.1860344499722153,0.24261415014311705,0.45895083139865744,-0.10046583535209631
M,RandomForestRegressor(n_jobs=-1),StandardScaler(),"['Round', 'Pct_upsets', 'Avg_seed_diff', 'Std_seed_diff', 'Avg_seed', 'Std_seed']",3,0.09556559843353206,0.2421766177358773,0.8568406732355737,0.06498029075749016
M,RandomForestRegressor(n_jobs=-1),StandardScaler(),"['Round', 'Pct_upsets', 'Avg_seed_diff', 'Std_seed_diff', 'Avg_seed', 'Std_seed']",6,0.09331982010553479,0.22465409306159914,0.8635523542753987,0.10918371507638308
M,RandomForestRegressor(n_jobs=-1),StandardScaler(),"['Round', 'Pct_upsets', 'Avg_seed_diff', 'Std_seed_diff', 'Avg_seed', 'Std_seed']",9,0.09209112824884404,0.22202446301188378,0.8673613099474338,0.004838462922219788
M,RandomForestRegressor(n_jobs=-1),StandardScaler(),"['Round', 'Pct_upsets', 'Avg_seed_diff', 'Std_seed_diff']",3,0.18160438955551025,0.2678493087584391,0.4798090198194814,-0.13029846489217092
M,RandomForestRegressor(n_jobs=-1),StandardScaler(),"['Round', 'Pct_upsets', 'Avg_seed_diff', 'Std_seed_diff']",6,0.1838999440851239,0.27326864297846576,0.47042810121986545,-0.3202881302421828
M,RandomForestRegressor(n_jobs=-1),StandardScaler(),"['Round', 'Pct_upsets', 'Avg_seed_diff', 'Std_seed_diff']",9,0.1837411340411669,0.25364604803909196,0.47223661951113605,-0.1516730265023987
M,RandomForestRegressor(n_jobs=-1),StandardScaler(),"['Pct_upsets', 'Avg_seed_diff', 'Std_seed_diff']",3,0.18321247857543424,0.26053624402019415,0.4697770245598844,-0.06994420544424902
M,RandomForestRegressor(n_jobs=-1),StandardScaler(),"['Pct_upsets', 'Avg_seed_diff', 'Std_seed_diff']",6,0.1865811602617378,0.2603485422844673,0.45420252108433273,-0.1810546622083251
M,RandomForestRegressor(n_jobs=-1),StandardScaler(),"['Pct_upsets', 'Avg_seed_diff', 'Std_seed_diff']",9,0.18697169809537134,0.24733953099755032,0.4536734587116837,-0.12776599582952308
M,RandomForestRegressor(n_jobs=-1),MinMaxScaler(),"['Round', 'Pct_upsets', 'Avg_seed_diff', 'Std_seed_diff', 'Avg_seed', 'Std_seed']",3,0.09661443488993349,0.2573346600864089,0.853237124789651,-0.049358572862413075
M,RandomForestRegressor(n_jobs=-1),MinMaxScaler(),"['Round', 'Pct_upsets', 'Avg_seed_diff', 'Std_seed_diff', 'Avg_seed', 'Std_seed']",6,0.09620545635066834,0.2311043283361999,0.8552074751736445,0.06087283841253268
M,RandomForestRegressor(n_jobs=-1),MinMaxScaler(),"['Round', 'Pct_upsets', 'Avg_seed_diff', 'Std_seed_diff', 'Avg_seed', 'Std_seed']",9,0.0927910524762608,0.2247416759916356,0.8653067159985617,0.01647335331659478
M,RandomForestRegressor(n_jobs=-1),MinMaxScaler(),"['Round', 'Pct_upsets', 'Avg_seed_diff', 'Std_seed_diff']",3,0.1800744056171525,0.2677789704567945,0.4881777208633064,-0.13081544891467142
M,RandomForestRegressor(n_jobs=-1),MinMaxScaler(),"['Round', 'Pct_upsets', 'Avg_seed_diff', 'Std_seed_diff']",6,0.18415048252041122,0.2804248923620415,0.4687552216901055,-0.4036272917722797
M,RandomForestRegressor(n_jobs=-1),MinMaxScaler(),"['Round', 'Pct_upsets', 'Avg_seed_diff', 'Std_seed_diff']",9,0.1837442219795702,0.2543198194832124,0.47231670128630415,-0.16175228944238496
M,RandomForestRegressor(n_jobs=-1),MinMaxScaler(),"['Pct_upsets', 'Avg_seed_diff', 'Std_seed_diff']",3,0.18368527073354593,0.2637965838891199,0.46765060035000916,-0.09830189949986938
M,RandomForestRegressor(n_jobs=-1),MinMaxScaler(),"['Pct_upsets', 'Avg_seed_diff', 'Std_seed_diff']",6,0.18702372148123234,0.26629580937895936,0.45200321326571774,-0.23962583559364148
M,RandomForestRegressor(n_jobs=-1),MinMaxScaler(),"['Pct_upsets', 'Avg_seed_diff', 'Std_seed_diff']",9,0.18717658244848911,0.25023605593951914,0.4525381664426828,-0.1484565749644398
M,"XGBRegressor(base_score=0.5, booster='gbtree', callbacks=None,
             colsample_bylevel=1, colsample_bynode=1, colsample_bytree=1,
             early_stopping_rounds=None, enable_categorical=False,
             eval_metric=None, gamma=0, gpu_id=-1, grow_policy='depthwise',
             importance_type=None, interaction_constraints='',
             learning_rate=0.300000012, max_bin=256, max_cat_to_onehot=4,
             max_delta_step=0, max_depth=6, max_leaves=0, min_child_weight=1,
             missing=nan, monotone_constraints='()', n_estimators=100,
             n_jobs=-1, num_parallel_tree=1, predictor='auto', random_state=0,
             reg_alpha=0, reg_lambda=1, ...)",,"['Round', 'Pct_upsets', 'Avg_seed_diff', 'Std_seed_diff', 'Avg_seed', 'Std_seed']",3,0.0011850810313545305,0.2935688307085318,0.9999777932093558,-0.3716368097833293
M,"XGBRegressor(base_score=0.5, booster='gbtree', callbacks=None,
             colsample_bylevel=1, colsample_bynode=1, colsample_bytree=1,
             early_stopping_rounds=None, enable_categorical=False,
             eval_metric=None, gamma=0, gpu_id=-1, grow_policy='depthwise',
             importance_type=None, interaction_constraints='',
             learning_rate=0.300000012, max_bin=256, max_cat_to_onehot=4,
             max_delta_step=0, max_depth=6, max_leaves=0, min_child_weight=1,
             missing=nan, monotone_constraints='()', n_estimators=100,
             n_jobs=-1, num_parallel_tree=1, predictor='auto', random_state=0,
             reg_alpha=0, reg_lambda=1, ...)",,"['Round', 'Pct_upsets', 'Avg_seed_diff', 'Std_seed_diff', 'Avg_seed', 'Std_seed']",6,0.001439580209510928,0.24253502416058767,0.9999674210825368,-0.07247697248981405
M,"XGBRegressor(base_score=0.5, booster='gbtree', callbacks=None,
             colsample_bylevel=1, colsample_bynode=1, colsample_bytree=1,
             early_stopping_rounds=None, enable_categorical=False,
             eval_metric=None, gamma=0, gpu_id=-1, grow_policy='depthwise',
             importance_type=None, interaction_constraints='',
             learning_rate=0.300000012, max_bin=256, max_cat_to_onehot=4,
             max_delta_step=0, max_depth=6, max_leaves=0, min_child_weight=1,
             missing=nan, monotone_constraints='()', n_estimators=100,
             n_jobs=-1, num_parallel_tree=1, predictor='auto', random_state=0,
             reg_alpha=0, reg_lambda=1, ...)",,"['Round', 'Pct_upsets', 'Avg_seed_diff', 'Std_seed_diff', 'Avg_seed', 'Std_seed']",9,0.0013698194646078025,0.24399727945087696,0.9999703730741554,-0.3293037230677226
M,"XGBRegressor(base_score=0.5, booster='gbtree', callbacks=None,
             colsample_bylevel=1, colsample_bynode=1, colsample_bytree=1,
             early_stopping_rounds=None, enable_categorical=False,
             eval_metric=None, gamma=0, gpu_id=-1, grow_policy='depthwise',
             importance_type=None, interaction_constraints='',
             learning_rate=0.300000012, max_bin=256, max_cat_to_onehot=4,
             max_delta_step=0, max_depth=6, max_leaves=0, min_child_weight=1,
             missing=nan, monotone_constraints='()', n_estimators=100,
             n_jobs=-1, num_parallel_tree=1, predictor='auto', random_state=0,
             reg_alpha=0, reg_lambda=1, ...)",,"['Round', 'Pct_upsets', 'Avg_seed_diff', 'Std_seed_diff']",3,0.16392434738731929,0.2663388102445319,0.570229780546496,-0.12001285185864852
M,"XGBRegressor(base_score=0.5, booster='gbtree', callbacks=None,
             colsample_bylevel=1, colsample_bynode=1, colsample_bytree=1,
             early_stopping_rounds=None, enable_categorical=False,
             eval_metric=None, gamma=0, gpu_id=-1, grow_policy='depthwise',
             importance_type=None, interaction_constraints='',
             learning_rate=0.300000012, max_bin=256, max_cat_to_onehot=4,
             max_delta_step=0, max_depth=6, max_leaves=0, min_child_weight=1,
             missing=nan, monotone_constraints='()', n_estimators=100,
             n_jobs=-1, num_parallel_tree=1, predictor='auto', random_state=0,
             reg_alpha=0, reg_lambda=1, ...)",,"['Round', 'Pct_upsets', 'Avg_seed_diff', 'Std_seed_diff']",6,0.16910784775548152,0.29100434928557123,0.5510566907404458,-0.5914132251529177
M,"XGBRegressor(base_score=0.5, booster='gbtree', callbacks=None,
             colsample_bylevel=1, colsample_bynode=1, colsample_bytree=1,
             early_stopping_rounds=None, enable_categorical=False,
             eval_metric=None, gamma=0, gpu_id=-1, grow_policy='depthwise',
             importance_type=None, interaction_constraints='',
             learning_rate=0.300000012, max_bin=256, max_cat_to_onehot=4,
             max_delta_step=0, max_depth=6, max_leaves=0, min_child_weight=1,
             missing=nan, monotone_constraints='()', n_estimators=100,
             n_jobs=-1, num_parallel_tree=1, predictor='auto', random_state=0,
             reg_alpha=0, reg_lambda=1, ...)",,"['Round', 'Pct_upsets', 'Avg_seed_diff', 'Std_seed_diff']",9,0.1698511595257294,0.25610343112675554,0.548501896040833,-0.20064484852715894
M,"XGBRegressor(base_score=0.5, booster='gbtree', callbacks=None,
             colsample_bylevel=1, colsample_bynode=1, colsample_bytree=1,
             early_stopping_rounds=None, enable_categorical=False,
             eval_metric=None, gamma=0, gpu_id=-1, grow_policy='depthwise',
             importance_type=None, interaction_constraints='',
             learning_rate=0.300000012, max_bin=256, max_cat_to_onehot=4,
             max_delta_step=0, max_depth=6, max_leaves=0, min_child_weight=1,
             missing=nan, monotone_constraints='()', n_estimators=100,
             n_jobs=-1, num_parallel_tree=1, predictor='auto', random_state=0,
             reg_alpha=0, reg_lambda=1, ...)",,"['Pct_upsets', 'Avg_seed_diff', 'Std_seed_diff']",3,0.17117302566263914,0.26935046456196815,0.5351890902952409,-0.1437677305939804
M,"XGBRegressor(base_score=0.5, booster='gbtree', callbacks=None,
             colsample_bylevel=1, colsample_bynode=1, colsample_bytree=1,
             early_stopping_rounds=None, enable_categorical=False,
             eval_metric=None, gamma=0, gpu_id=-1, grow_policy='depthwise',
             importance_type=None, interaction_constraints='',
             learning_rate=0.300000012, max_bin=256, max_cat_to_onehot=4,
             max_delta_step=0, max_depth=6, max_leaves=0, min_child_weight=1,
             missing=nan, monotone_constraints='()', n_estimators=100,
             n_jobs=-1, num_parallel_tree=1, predictor='auto', random_state=0,
             reg_alpha=0, reg_lambda=1, ...)",,"['Pct_upsets', 'Avg_seed_diff', 'Std_seed_diff']",6,0.17589490144877776,0.2735063006849474,0.5146288251098086,-0.33064733764408477
M,"XGBRegressor(base_score=0.5, booster='gbtree', callbacks=None,
             colsample_bylevel=1, colsample_bynode=1, colsample_bytree=1,
             early_stopping_rounds=None, enable_categorical=False,
             eval_metric=None, gamma=0, gpu_id=-1, grow_policy='depthwise',
             importance_type=None, interaction_constraints='',
             learning_rate=0.300000012, max_bin=256, max_cat_to_onehot=4,
             max_delta_step=0, max_depth=6, max_leaves=0, min_child_weight=1,
             missing=nan, monotone_constraints='()', n_estimators=100,
             n_jobs=-1, num_parallel_tree=1, predictor='auto', random_state=0,
             reg_alpha=0, reg_lambda=1, ...)",,"['Pct_upsets', 'Avg_seed_diff', 'Std_seed_diff']",9,0.1766963165378407,0.25954910965087774,0.5116768050364954,-0.33041921439213817
M,"XGBRegressor(base_score=0.5, booster='gbtree', callbacks=None,
             colsample_bylevel=1, colsample_bynode=1, colsample_bytree=1,
             early_stopping_rounds=None, enable_categorical=False,
             eval_metric=None, gamma=0, gpu_id=-1, grow_policy='depthwise',
             importance_type=None, interaction_constraints='',
             learning_rate=0.300000012, max_bin=256, max_cat_to_onehot=4,
             max_delta_step=0, max_depth=6, max_leaves=0, min_child_weight=1,
             missing=nan, monotone_constraints='()', n_estimators=100,
             n_jobs=-1, num_parallel_tree=1, predictor='auto', random_state=0,
             reg_alpha=0, reg_lambda=1, ...)",StandardScaler(),"['Round', 'Pct_upsets', 'Avg_seed_diff', 'Std_seed_diff', 'Avg_seed', 'Std_seed']",3,0.0011850810313545305,0.2847378922659241,0.9999777932093558,-0.2820787960234732
M,"XGBRegressor(base_score=0.5, booster='gbtree', callbacks=None,
             colsample_bylevel=1, colsample_bynode=1, colsample_bytree=1,
             early_stopping_rounds=None, enable_categorical=False,
             eval_metric=None, gamma=0, gpu_id=-1, grow_policy='depthwise',
             importance_type=None, interaction_constraints='',
             learning_rate=0.300000012, max_bin=256, max_cat_to_onehot=4,
             max_delta_step=0, max_depth=6, max_leaves=0, min_child_weight=1,
             missing=nan, monotone_constraints='()', n_estimators=100,
             n_jobs=-1, num_parallel_tree=1, predictor='auto', random_state=0,
             reg_alpha=0, reg_lambda=1, ...)",StandardScaler(),"['Round', 'Pct_upsets', 'Avg_seed_diff', 'Std_seed_diff', 'Avg_seed', 'Std_seed']",6,0.001439580209510928,0.24270799201743223,0.9999674210825368,-0.07430294241594078
M,"XGBRegressor(base_score=0.5, booster='gbtree', callbacks=None,
             colsample_bylevel=1, colsample_bynode=1, colsample_bytree=1,
             early_stopping_rounds=None, enable_categorical=False,
             eval_metric=None, gamma=0, gpu_id=-1, grow_policy='depthwise',
             importance_type=None, interaction_constraints='',
             learning_rate=0.300000012, max_bin=256, max_cat_to_onehot=4,
             max_delta_step=0, max_depth=6, max_leaves=0, min_child_weight=1,
             missing=nan, monotone_constraints='()', n_estimators=100,
             n_jobs=-1, num_parallel_tree=1, predictor='auto', random_state=0,
             reg_alpha=0, reg_lambda=1, ...)",StandardScaler(),"['Round', 'Pct_upsets', 'Avg_seed_diff', 'Std_seed_diff', 'Avg_seed', 'Std_seed']",9,0.0013698194646078025,0.2405293884859696,0.9999703730741554,-0.2917840567595444
M,"XGBRegressor(base_score=0.5, booster='gbtree', callbacks=None,
             colsample_bylevel=1, colsample_bynode=1, colsample_bytree=1,
             early_stopping_rounds=None, enable_categorical=False,
             eval_metric=None, gamma=0, gpu_id=-1, grow_policy='depthwise',
             importance_type=None, interaction_constraints='',
             learning_rate=0.300000012, max_bin=256, max_cat_to_onehot=4,
             max_delta_step=0, max_depth=6, max_leaves=0, min_child_weight=1,
             missing=nan, monotone_constraints='()', n_estimators=100,
             n_jobs=-1, num_parallel_tree=1, predictor='auto', random_state=0,
             reg_alpha=0, reg_lambda=1, ...)",StandardScaler(),"['Round', 'Pct_upsets', 'Avg_seed_diff', 'Std_seed_diff']",3,0.16392434738731929,0.26430667023766463,0.570229780546496,-0.10203222759358248
M,"XGBRegressor(base_score=0.5, booster='gbtree', callbacks=None,
             colsample_bylevel=1, colsample_bynode=1, colsample_bytree=1,
             early_stopping_rounds=None, enable_categorical=False,
             eval_metric=None, gamma=0, gpu_id=-1, grow_policy='depthwise',
             importance_type=None, interaction_constraints='',
             learning_rate=0.300000012, max_bin=256, max_cat_to_onehot=4,
             max_delta_step=0, max_depth=6, max_leaves=0, min_child_weight=1,
             missing=nan, monotone_constraints='()', n_estimators=100,
             n_jobs=-1, num_parallel_tree=1, predictor='auto', random_state=0,
             reg_alpha=0, reg_lambda=1, ...)",StandardScaler(),"['Round', 'Pct_upsets', 'Avg_seed_diff', 'Std_seed_diff']",6,0.16910784775548152,0.28942168636480115,0.5510566907404458,-0.5796558642914462
M,"XGBRegressor(base_score=0.5, booster='gbtree', callbacks=None,
             colsample_bylevel=1, colsample_bynode=1, colsample_bytree=1,
             early_stopping_rounds=None, enable_categorical=False,
             eval_metric=None, gamma=0, gpu_id=-1, grow_policy='depthwise',
             importance_type=None, interaction_constraints='',
             learning_rate=0.300000012, max_bin=256, max_cat_to_onehot=4,
             max_delta_step=0, max_depth=6, max_leaves=0, min_child_weight=1,
             missing=nan, monotone_constraints='()', n_estimators=100,
             n_jobs=-1, num_parallel_tree=1, predictor='auto', random_state=0,
             reg_alpha=0, reg_lambda=1, ...)",StandardScaler(),"['Round', 'Pct_upsets', 'Avg_seed_diff', 'Std_seed_diff']",9,0.1698511595257294,0.25617211171985027,0.548501896040833,-0.20136102555032312
M,"XGBRegressor(base_score=0.5, booster='gbtree', callbacks=None,
             colsample_bylevel=1, colsample_bynode=1, colsample_bytree=1,
             early_stopping_rounds=None, enable_categorical=False,
             eval_metric=None, gamma=0, gpu_id=-1, grow_policy='depthwise',
             importance_type=None, interaction_constraints='',
             learning_rate=0.300000012, max_bin=256, max_cat_to_onehot=4,
             max_delta_step=0, max_depth=6, max_leaves=0, min_child_weight=1,
             missing=nan, monotone_constraints='()', n_estimators=100,
             n_jobs=-1, num_parallel_tree=1, predictor='auto', random_state=0,
             reg_alpha=0, reg_lambda=1, ...)",StandardScaler(),"['Pct_upsets', 'Avg_seed_diff', 'Std_seed_diff']",3,0.17117302566263914,0.2684055346509674,0.5351890902952409,-0.135647597719789
M,"XGBRegressor(base_score=0.5, booster='gbtree', callbacks=None,
             colsample_bylevel=1, colsample_bynode=1, colsample_bytree=1,
             early_stopping_rounds=None, enable_categorical=False,
             eval_metric=None, gamma=0, gpu_id=-1, grow_policy='depthwise',
             importance_type=None, interaction_constraints='',
             learning_rate=0.300000012, max_bin=256, max_cat_to_onehot=4,
             max_delta_step=0, max_depth=6, max_leaves=0, min_child_weight=1,
             missing=nan, monotone_constraints='()', n_estimators=100,
             n_jobs=-1, num_parallel_tree=1, predictor='auto', random_state=0,
             reg_alpha=0, reg_lambda=1, ...)",StandardScaler(),"['Pct_upsets', 'Avg_seed_diff', 'Std_seed_diff']",6,0.17589490144877776,0.2734821328058635,0.5146288251098086,-0.33045551165773285
M,"XGBRegressor(base_score=0.5, booster='gbtree', callbacks=None,
             colsample_bylevel=1, colsample_bynode=1, colsample_bytree=1,
             early_stopping_rounds=None, enable_categorical=False,
             eval_metric=None, gamma=0, gpu_id=-1, grow_policy='depthwise',
             importance_type=None, interaction_constraints='',
             learning_rate=0.300000012, max_bin=256, max_cat_to_onehot=4,
             max_delta_step=0, max_depth=6, max_leaves=0, min_child_weight=1,
             missing=nan, monotone_constraints='()', n_estimators=100,
             n_jobs=-1, num_parallel_tree=1, predictor='auto', random_state=0,
             reg_alpha=0, reg_lambda=1, ...)",StandardScaler(),"['Pct_upsets', 'Avg_seed_diff', 'Std_seed_diff']",9,0.1766963165378407,0.25958013432583116,0.5116768050364954,-0.3306234492598785
M,"XGBRegressor(base_score=0.5, booster='gbtree', callbacks=None,
             colsample_bylevel=1, colsample_bynode=1, colsample_bytree=1,
             early_stopping_rounds=None, enable_categorical=False,
             eval_metric=None, gamma=0, gpu_id=-1, grow_policy='depthwise',
             importance_type=None, interaction_constraints='',
             learning_rate=0.300000012, max_bin=256, max_cat_to_onehot=4,
             max_delta_step=0, max_depth=6, max_leaves=0, min_child_weight=1,
             missing=nan, monotone_constraints='()', n_estimators=100,
             n_jobs=-1, num_parallel_tree=1, predictor='auto', random_state=0,
             reg_alpha=0, reg_lambda=1, ...)",MinMaxScaler(),"['Round', 'Pct_upsets', 'Avg_seed_diff', 'Std_seed_diff', 'Avg_seed', 'Std_seed']",3,0.0011850810313545305,0.2935478893573602,0.9999777932093558,-0.3714564428843903
M,"XGBRegressor(base_score=0.5, booster='gbtree', callbacks=None,
             colsample_bylevel=1, colsample_bynode=1, colsample_bytree=1,
             early_stopping_rounds=None, enable_categorical=False,
             eval_metric=None, gamma=0, gpu_id=-1, grow_policy='depthwise',
             importance_type=None, interaction_constraints='',
             learning_rate=0.300000012, max_bin=256, max_cat_to_onehot=4,
             max_delta_step=0, max_depth=6, max_leaves=0, min_child_weight=1,
             missing=nan, monotone_constraints='()', n_estimators=100,
             n_jobs=-1, num_parallel_tree=1, predictor='auto', random_state=0,
             reg_alpha=0, reg_lambda=1, ...)",MinMaxScaler(),"['Round', 'Pct_upsets', 'Avg_seed_diff', 'Std_seed_diff', 'Avg_seed', 'Std_seed']",6,0.001439580209510928,0.24242838380650578,0.9999674210825368,-0.07140470976282677
M,"XGBRegressor(base_score=0.5, booster='gbtree', callbacks=None,
             colsample_bylevel=1, colsample_bynode=1, colsample_bytree=1,
             early_stopping_rounds=None, enable_categorical=False,
             eval_metric=None, gamma=0, gpu_id=-1, grow_policy='depthwise',
             importance_type=None, interaction_constraints='',
             learning_rate=0.300000012, max_bin=256, max_cat_to_onehot=4,
             max_delta_step=0, max_depth=6, max_leaves=0, min_child_weight=1,
             missing=nan, monotone_constraints='()', n_estimators=100,
             n_jobs=-1, num_parallel_tree=1, predictor='auto', random_state=0,
             reg_alpha=0, reg_lambda=1, ...)",MinMaxScaler(),"['Round', 'Pct_upsets', 'Avg_seed_diff', 'Std_seed_diff', 'Avg_seed', 'Std_seed']",9,0.0013698194646078025,0.24343278216563194,0.9999703730741554,-0.3253715578384343
M,"XGBRegressor(base_score=0.5, booster='gbtree', callbacks=None,
             colsample_bylevel=1, colsample_bynode=1, colsample_bytree=1,
             early_stopping_rounds=None, enable_categorical=False,
             eval_metric=None, gamma=0, gpu_id=-1, grow_policy='depthwise',
             importance_type=None, interaction_constraints='',
             learning_rate=0.300000012, max_bin=256, max_cat_to_onehot=4,
             max_delta_step=0, max_depth=6, max_leaves=0, min_child_weight=1,
             missing=nan, monotone_constraints='()', n_estimators=100,
             n_jobs=-1, num_parallel_tree=1, predictor='auto', random_state=0,
             reg_alpha=0, reg_lambda=1, ...)",MinMaxScaler(),"['Round', 'Pct_upsets', 'Avg_seed_diff', 'Std_seed_diff']",3,0.16392434738731929,0.2663388102445319,0.570229780546496,-0.12001285185864852
M,"XGBRegressor(base_score=0.5, booster='gbtree', callbacks=None,
             colsample_bylevel=1, colsample_bynode=1, colsample_bytree=1,
             early_stopping_rounds=None, enable_categorical=False,
             eval_metric=None, gamma=0, gpu_id=-1, grow_policy='depthwise',
             importance_type=None, interaction_constraints='',
             learning_rate=0.300000012, max_bin=256, max_cat_to_onehot=4,
             max_delta_step=0, max_depth=6, max_leaves=0, min_child_weight=1,
             missing=nan, monotone_constraints='()', n_estimators=100,
             n_jobs=-1, num_parallel_tree=1, predictor='auto', random_state=0,
             reg_alpha=0, reg_lambda=1, ...)",MinMaxScaler(),"['Round', 'Pct_upsets', 'Avg_seed_diff', 'Std_seed_diff']",6,0.16910784775548152,0.29100434928557123,0.5510566907404458,-0.5914132251529177
M,"XGBRegressor(base_score=0.5, booster='gbtree', callbacks=None,
             colsample_bylevel=1, colsample_bynode=1, colsample_bytree=1,
             early_stopping_rounds=None, enable_categorical=False,
             eval_metric=None, gamma=0, gpu_id=-1, grow_policy='depthwise',
             importance_type=None, interaction_constraints='',
             learning_rate=0.300000012, max_bin=256, max_cat_to_onehot=4,
             max_delta_step=0, max_depth=6, max_leaves=0, min_child_weight=1,
             missing=nan, monotone_constraints='()', n_estimators=100,
             n_jobs=-1, num_parallel_tree=1, predictor='auto', random_state=0,
             reg_alpha=0, reg_lambda=1, ...)",MinMaxScaler(),"['Round', 'Pct_upsets', 'Avg_seed_diff', 'Std_seed_diff']",9,0.1698511595257294,0.25610343112675554,0.548501896040833,-0.20064484852715894
M,"XGBRegressor(base_score=0.5, booster='gbtree', callbacks=None,
             colsample_bylevel=1, colsample_bynode=1, colsample_bytree=1,
             early_stopping_rounds=None, enable_categorical=False,
             eval_metric=None, gamma=0, gpu_id=-1, grow_policy='depthwise',
             importance_type=None, interaction_constraints='',
             learning_rate=0.300000012, max_bin=256, max_cat_to_onehot=4,
             max_delta_step=0, max_depth=6, max_leaves=0, min_child_weight=1,
             missing=nan, monotone_constraints='()', n_estimators=100,
             n_jobs=-1, num_parallel_tree=1, predictor='auto', random_state=0,
             reg_alpha=0, reg_lambda=1, ...)",MinMaxScaler(),"['Pct_upsets', 'Avg_seed_diff', 'Std_seed_diff']",3,0.17117302566263914,0.26933824259762595,0.5351890902952409,-0.143668210779112
M,"XGBRegressor(base_score=0.5, booster='gbtree', callbacks=None,
             colsample_bylevel=1, colsample_bynode=1, colsample_bytree=1,
             early_stopping_rounds=None, enable_categorical=False,
             eval_metric=None, gamma=0, gpu_id=-1, grow_policy='depthwise',
             importance_type=None, interaction_constraints='',
             learning_rate=0.300000012, max_bin=256, max_cat_to_onehot=4,
             max_delta_step=0, max_depth=6, max_leaves=0, min_child_weight=1,
             missing=nan, monotone_constraints='()', n_estimators=100,
             n_jobs=-1, num_parallel_tree=1, predictor='auto', random_state=0,
             reg_alpha=0, reg_lambda=1, ...)",MinMaxScaler(),"['Pct_upsets', 'Avg_seed_diff', 'Std_seed_diff']",6,0.17589490144877776,0.273492230344378,0.5146288251098086,-0.33052358873559656
M,"XGBRegressor(base_score=0.5, booster='gbtree', callbacks=None,
             colsample_bylevel=1, colsample_bynode=1, colsample_bytree=1,
             early_stopping_rounds=None, enable_categorical=False,
             eval_metric=None, gamma=0, gpu_id=-1, grow_policy='depthwise',
             importance_type=None, interaction_constraints='',
             learning_rate=0.300000012, max_bin=256, max_cat_to_onehot=4,
             max_delta_step=0, max_depth=6, max_leaves=0, min_child_weight=1,
             missing=nan, monotone_constraints='()', n_estimators=100,
             n_jobs=-1, num_parallel_tree=1, predictor='auto', random_state=0,
             reg_alpha=0, reg_lambda=1, ...)",MinMaxScaler(),"['Pct_upsets', 'Avg_seed_diff', 'Std_seed_diff']",9,0.1766963165378407,0.25957206981277775,0.5116768050364954,-0.3311993351513902
M,SVR(),,"['Round', 'Pct_upsets', 'Avg_seed_diff', 'Std_seed_diff', 'Avg_seed', 'Std_seed']",3,0.2298119642358707,0.26046538838164535,0.1702481744863963,-0.08004146101681446
M,SVR(),,"['Round', 'Pct_upsets', 'Avg_seed_diff', 'Std_seed_diff', 'Avg_seed', 'Std_seed']",6,0.23346954289496002,0.26110991296610747,0.1462627929477914,-0.1681455490034552
M,SVR(),,"['Round', 'Pct_upsets', 'Avg_seed_diff', 'Std_seed_diff', 'Avg_seed', 'Std_seed']",9,0.23385006643560827,0.26222669947898625,0.1455518997209759,-0.26127376102489575
M,SVR(),,"['Round', 'Pct_upsets', 'Avg_seed_diff', 'Std_seed_diff']",3,0.25639294642293425,0.2767867504948109,-0.027904425161861757,-0.21272725428249517
M,SVR(),,"['Round', 'Pct_upsets', 'Avg_seed_diff', 'Std_seed_diff']",6,0.25897934535335226,0.28234497996635394,-0.050279316377898696,-0.3586185970939925
M,SVR(),,"['Round', 'Pct_upsets', 'Avg_seed_diff', 'Std_seed_diff']",9,0.26386475834480483,0.2701077299349891,-0.08687558251829058,-0.25961830936670083
M,SVR(),,"['Pct_upsets', 'Avg_seed_diff', 'Std_seed_diff']",3,0.2567863495344358,0.2828560019563532,-0.031273021461901175,-0.26708929163634126
M,SVR(),,"['Pct_upsets', 'Avg_seed_diff', 'Std_seed_diff']",6,0.26252112756260904,0.28806459196469586,-0.08075345184126924,-0.45355410670006746
M,SVR(),,"['Pct_upsets', 'Avg_seed_diff', 'Std_seed_diff']",9,0.26780540065362224,0.2781148240645993,-0.11979478080452438,-0.3602011113647592
M,SVR(),StandardScaler(),"['Round', 'Pct_upsets', 'Avg_seed_diff', 'Std_seed_diff', 'Avg_seed', 'Std_seed']",3,0.18480420226465996,0.2634454988192887,0.46069954001657915,-0.10259302107255382
M,SVR(),StandardScaler(),"['Round', 'Pct_upsets', 'Avg_seed_diff', 'Std_seed_diff', 'Avg_seed', 'Std_seed']",6,0.1869967871524119,0.25646172509669646,0.45053201679592325,-0.20842055807184456
M,SVR(),StandardScaler(),"['Round', 'Pct_upsets', 'Avg_seed_diff', 'Std_seed_diff', 'Avg_seed', 'Std_seed']",9,0.1882849646212126,0.24652757526281302,0.44541781106292255,-0.13262330920709303
M,SVR(),StandardScaler(),"['Round', 'Pct_upsets', 'Avg_seed_diff', 'Std_seed_diff']",3,0.24175839262467433,0.28044289819318874,0.08531281725364648,-0.24731886862484642
M,SVR(),StandardScaler(),"['Round', 'Pct_upsets', 'Avg_seed_diff', 'Std_seed_diff']",6,0.245697499935807,0.2846229596312953,0.056244105507769517,-0.40187492204286274
M,SVR(),StandardScaler(),"['Round', 'Pct_upsets', 'Avg_seed_diff', 'Std_seed_diff']",9,0.24749143828292938,0.2680778983094731,0.0439376593094623,-0.23960121393050818
M,SVR(),StandardScaler(),"['Pct_upsets', 'Avg_seed_diff', 'Std_seed_diff']",3,0.24231938469022554,0.28386654041829046,0.0809506942500956,-0.2797537883672378
M,SVR(),StandardScaler(),"['Pct_upsets', 'Avg_seed_diff', 'Std_seed_diff']",6,0.2455390089251537,0.29882815088580283,0.053545550606002044,-0.6092313517027138
M,SVR(),StandardScaler(),"['Pct_upsets', 'Avg_seed_diff', 'Std_seed_diff']",9,0.2452255524935267,0.2846431368747867,0.0600187966739694,-0.5075636304521541
M,SVR(),MinMaxScaler(),"['Round', 'Pct_upsets', 'Avg_seed_diff', 'Std_seed_diff', 'Avg_seed', 'Std_seed']",3,0.1928858736784379,0.26963208158103164,0.4138224338065559,-0.15454385723533667
M,SVR(),MinMaxScaler(),"['Round', 'Pct_upsets', 'Avg_seed_diff', 'Std_seed_diff', 'Avg_seed', 'Std_seed']",6,0.19801700117848817,0.264367969406851,0.3841144375317675,-0.27836559986597037
M,SVR(),MinMaxScaler(),"['Round', 'Pct_upsets', 'Avg_seed_diff', 'Std_seed_diff', 'Avg_seed', 'Std_seed']",9,0.198809603313407,0.2593888628976095,0.3817884687478749,-0.27682064169576054
M,SVR(),MinMaxScaler(),"['Round', 'Pct_upsets', 'Avg_seed_diff', 'Std_seed_diff']",3,0.24238192916639467,0.2813113828985046,0.08082063123467031,-0.2542176612211166
M,SVR(),MinMaxScaler(),"['Round', 'Pct_upsets', 'Avg_seed_diff', 'Std_seed_diff']",6,0.2485355567862461,0.282660232036444,0.0341877535684453,-0.36592085496658205
M,SVR(),MinMaxScaler(),"['Round', 'Pct_upsets', 'Avg_seed_diff', 'Std_seed_diff']",9,0.2508914927482599,0.2760774812978586,0.017351418138924157,-0.3231725362120392
M,SVR(),MinMaxScaler(),"['Pct_upsets', 'Avg_seed_diff', 'Std_seed_diff']",3,0.24544079650169734,0.291430694632747,0.057558473932994146,-0.3526989339555952
M,SVR(),MinMaxScaler(),"['Pct_upsets', 'Avg_seed_diff', 'Std_seed_diff']",6,0.25077460602615154,0.3007340475736279,0.013022811883608043,-0.6339536301916532
M,SVR(),MinMaxScaler(),"['Pct_upsets', 'Avg_seed_diff', 'Std_seed_diff']",9,0.25238116211745687,0.29101177142997586,0.0046030988498329106,-0.5582214750036463
M,KNeighborsRegressor(n_jobs=-1),,"['Round', 'Pct_upsets', 'Avg_seed_diff', 'Std_seed_diff', 'Avg_seed', 'Std_seed']",3,0.20025016759575212,0.2595153550660399,0.36435717162837084,-0.06177962208348461
M,KNeighborsRegressor(n_jobs=-1),,"['Round', 'Pct_upsets', 'Avg_seed_diff', 'Std_seed_diff', 'Avg_seed', 'Std_seed']",6,0.20497330556327345,0.2354634043555364,0.340182975909703,-0.006200380521226327
M,KNeighborsRegressor(n_jobs=-1),,"['Round', 'Pct_upsets', 'Avg_seed_diff', 'Std_seed_diff', 'Avg_seed', 'Std_seed']",9,0.20370267191861222,0.23788841551005596,0.35118001689862627,-0.028583935688696438
M,KNeighborsRegressor(n_jobs=-1),,"['Round', 'Pct_upsets', 'Avg_seed_diff', 'Std_seed_diff']",3,0.24168026017192965,0.28078625479181724,0.08665257397000337,-0.24260067010336747
M,KNeighborsRegressor(n_jobs=-1),,"['Round', 'Pct_upsets', 'Avg_seed_diff', 'Std_seed_diff']",6,0.2540327108752775,0.2971153025130795,-0.016416061660176322,-0.6397635193585903
M,KNeighborsRegressor(n_jobs=-1),,"['Round', 'Pct_upsets', 'Avg_seed_diff', 'Std_seed_diff']",9,0.24711384033654415,0.27630557515587784,0.04414976490368077,-0.4105825047241375
M,KNeighborsRegressor(n_jobs=-1),,"['Pct_upsets', 'Avg_seed_diff', 'Std_seed_diff']",3,0.2437453853549958,0.27927431526504437,0.07000470420485187,-0.2341796502707545
M,KNeighborsRegressor(n_jobs=-1),,"['Pct_upsets', 'Avg_seed_diff', 'Std_seed_diff']",6,0.24782426195494914,0.27372925251225305,0.027112088618992485,-0.32816479417299455
M,KNeighborsRegressor(n_jobs=-1),,"['Pct_upsets', 'Avg_seed_diff', 'Std_seed_diff']",9,0.24320512922109527,0.2739829369924161,0.0740191870320978,-0.4017894033955814
M,KNeighborsRegressor(n_jobs=-1),StandardScaler(),"['Round', 'Pct_upsets', 'Avg_seed_diff', 'Std_seed_diff', 'Avg_seed', 'Std_seed']",3,0.21260853979073502,0.2737600254864498,0.28412173718521555,-0.18246658402136742
M,KNeighborsRegressor(n_jobs=-1),StandardScaler(),"['Round', 'Pct_upsets', 'Avg_seed_diff', 'Std_seed_diff', 'Avg_seed', 'Std_seed']",6,0.21122135446419277,0.26111893032543826,0.29900656714598317,-0.25221662921369165
M,KNeighborsRegressor(n_jobs=-1),StandardScaler(),"['Round', 'Pct_upsets', 'Avg_seed_diff', 'Std_seed_diff', 'Avg_seed', 'Std_seed']",9,0.2122486498897187,0.24494883020021968,0.29506953357609933,-0.0951625558998357
M,KNeighborsRegressor(n_jobs=-1),StandardScaler(),"['Round', 'Pct_upsets', 'Avg_seed_diff', 'Std_seed_diff']",3,0.2407223614339105,0.2847446014866815,0.09339793568983264,-0.28282227247215613
M,KNeighborsRegressor(n_jobs=-1),StandardScaler(),"['Round', 'Pct_upsets', 'Avg_seed_diff', 'Std_seed_diff']",6,0.2395326914444744,0.2882423445349584,0.10290893500201541,-0.4739579044879874
M,KNeighborsRegressor(n_jobs=-1),StandardScaler(),"['Round', 'Pct_upsets', 'Avg_seed_diff', 'Std_seed_diff']",9,0.24084628541657885,0.27466745293129,0.0942525156879853,-0.40668576182602906
M,KNeighborsRegressor(n_jobs=-1),StandardScaler(),"['Pct_upsets', 'Avg_seed_diff', 'Std_seed_diff']",3,0.2459638775089139,0.28610185274054667,0.051576765890564,-0.2973183281996737
M,KNeighborsRegressor(n_jobs=-1),StandardScaler(),"['Pct_upsets', 'Avg_seed_diff', 'Std_seed_diff']",6,0.240712618635446,0.279641001406402,0.09294477946360369,-0.40590291397345296
M,KNeighborsRegressor(n_jobs=-1),StandardScaler(),"['Pct_upsets', 'Avg_seed_diff', 'Std_seed_diff']",9,0.24685494791379042,0.27946231906807434,0.04865441024739244,-0.5538032968569772
M,KNeighborsRegressor(n_jobs=-1),MinMaxScaler(),"['Round', 'Pct_upsets', 'Avg_seed_diff', 'Std_seed_diff', 'Avg_seed', 'Std_seed']",3,0.21388004071689481,0.26506441338892406,0.2779060817676509,-0.10921624469674011
M,KNeighborsRegressor(n_jobs=-1),MinMaxScaler(),"['Round', 'Pct_upsets', 'Avg_seed_diff', 'Std_seed_diff', 'Avg_seed', 'Std_seed']",6,0.21434354051518187,0.25801582489496333,0.2794054485368536,-0.24717107169976757
M,KNeighborsRegressor(n_jobs=-1),MinMaxScaler(),"['Round', 'Pct_upsets', 'Avg_seed_diff', 'Std_seed_diff', 'Avg_seed', 'Std_seed']",9,0.21661529702770574,0.24101577265814442,0.26463314807477345,-0.055593941998686426
M,KNeighborsRegressor(n_jobs=-1),MinMaxScaler(),"['Round', 'Pct_upsets', 'Avg_seed_diff', 'Std_seed_diff']",3,0.25245547660565687,0.2830474769307345,0.0030375995207805317,-0.2689460197055094
M,KNeighborsRegressor(n_jobs=-1),MinMaxScaler(),"['Round', 'Pct_upsets', 'Avg_seed_diff', 'Std_seed_diff']",6,0.2518833598349716,0.2944873119483205,0.007180985612257311,-0.6346134174793
M,KNeighborsRegressor(n_jobs=-1),MinMaxScaler(),"['Round', 'Pct_upsets', 'Avg_seed_diff', 'Std_seed_diff']",9,0.2474070573020629,0.2811056681290614,0.04328872160028533,-0.4162370554460506
M,KNeighborsRegressor(n_jobs=-1),MinMaxScaler(),"['Pct_upsets', 'Avg_seed_diff', 'Std_seed_diff']",3,0.24411381254429576,0.27621584627533013,0.06752588297020823,-0.21103310907643355
M,KNeighborsRegressor(n_jobs=-1),MinMaxScaler(),"['Pct_upsets', 'Avg_seed_diff', 'Std_seed_diff']",6,0.24041699414660944,0.2768652993762564,0.0956068843793359,-0.4770287130892535
M,KNeighborsRegressor(n_jobs=-1),MinMaxScaler(),"['Pct_upsets', 'Avg_seed_diff', 'Std_seed_diff']",9,0.24290729454748058,0.2678899231941446,0.07845931936872048,-0.4807722515699381
W,LinearRegression(n_jobs=-1),,"['Round', 'Pct_upsets', 'Avg_seed_diff', 'Std_seed_diff', 'Avg_seed', 'Std_seed']",3,0.24144819833639056,0.30694518825090883,0.22963946076905595,-0.25855584044417773
W,LinearRegression(n_jobs=-1),,"['Round', 'Pct_upsets', 'Avg_seed_diff', 'Std_seed_diff', 'Avg_seed', 'Std_seed']",6,0.24915106054130706,0.2772169971889682,0.18260148110344554,-0.08551492093220608
W,LinearRegression(n_jobs=-1),,"['Round', 'Pct_upsets', 'Avg_seed_diff', 'Std_seed_diff', 'Avg_seed', 'Std_seed']",9,0.2508039029699713,0.2721222673053818,0.1727070109954848,-0.1341388879996801
W,LinearRegression(n_jobs=-1),,"['Round', 'Pct_upsets', 'Avg_seed_diff', 'Std_seed_diff']",3,0.2522589390835725,0.30704294987193187,0.1602764794693372,-0.268909792516905
W,LinearRegression(n_jobs=-1),,"['Round', 'Pct_upsets', 'Avg_seed_diff', 'Std_seed_diff']",6,0.2593013491571227,0.28217654755491167,0.11509416601238918,-0.14985674460897666
W,LinearRegression(n_jobs=-1),,"['Round', 'Pct_upsets', 'Avg_seed_diff', 'Std_seed_diff']",9,0.26054930664201587,0.2743365482866296,0.1075986472120533,-0.18348356294974552
W,LinearRegression(n_jobs=-1),,"['Pct_upsets', 'Avg_seed_diff', 'Std_seed_diff']",3,0.26012588240333867,0.296082396742474,0.10750005561130964,-0.1798181413551431
W,LinearRegression(n_jobs=-1),,"['Pct_upsets', 'Avg_seed_diff', 'Std_seed_diff']",6,0.2647001069437766,0.2807213182787275,0.07769563642584325,-0.13989760231303686
W,LinearRegression(n_jobs=-1),,"['Pct_upsets', 'Avg_seed_diff', 'Std_seed_diff']",9,0.26581742296325167,0.2740069429158363,0.07100565151281144,-0.18267291302685934
W,LinearRegression(n_jobs=-1),StandardScaler(),"['Round', 'Pct_upsets', 'Avg_seed_diff', 'Std_seed_diff', 'Avg_seed', 'Std_seed']",3,0.24144819833639056,0.3069451882509087,0.22963946076905586,-0.25855584044417734
W,LinearRegression(n_jobs=-1),StandardScaler(),"['Round', 'Pct_upsets', 'Avg_seed_diff', 'Std_seed_diff', 'Avg_seed', 'Std_seed']",6,0.24915106054130706,0.27721699718896825,0.18260148110344546,-0.08551492093220636
W,LinearRegression(n_jobs=-1),StandardScaler(),"['Round', 'Pct_upsets', 'Avg_seed_diff', 'Std_seed_diff', 'Avg_seed', 'Std_seed']",9,0.2508039029699713,0.2721222673053818,0.1727070109954848,-0.1341388879996798
W,LinearRegression(n_jobs=-1),StandardScaler(),"['Round', 'Pct_upsets', 'Avg_seed_diff', 'Std_seed_diff']",3,0.2522589390835725,0.3070429498719319,0.16027647946933732,-0.268909792516905
W,LinearRegression(n_jobs=-1),StandardScaler(),"['Round', 'Pct_upsets', 'Avg_seed_diff', 'Std_seed_diff']",6,0.2593013491571227,0.28217654755491167,0.11509416601238924,-0.14985674460897666
W,LinearRegression(n_jobs=-1),StandardScaler(),"['Round', 'Pct_upsets', 'Avg_seed_diff', 'Std_seed_diff']",9,0.26054930664201587,0.2743365482866297,0.10759864721205331,-0.18348356294974547
W,LinearRegression(n_jobs=-1),StandardScaler(),"['Pct_upsets', 'Avg_seed_diff', 'Std_seed_diff']",3,0.26012588240333867,0.29608239674247394,0.10750005561130964,-0.17981814135514265
W,LinearRegression(n_jobs=-1),StandardScaler(),"['Pct_upsets', 'Avg_seed_diff', 'Std_seed_diff']",6,0.2647001069437766,0.2807213182787275,0.07769563642584326,-0.13989760231303686
W,LinearRegression(n_jobs=-1),StandardScaler(),"['Pct_upsets', 'Avg_seed_diff', 'Std_seed_diff']",9,0.26581742296325167,0.2740069429158363,0.07100565151281149,-0.18267291302685928
W,LinearRegression(n_jobs=-1),MinMaxScaler(),"['Round', 'Pct_upsets', 'Avg_seed_diff', 'Std_seed_diff', 'Avg_seed', 'Std_seed']",3,0.24144819833639056,0.3069451882509087,0.22963946076905592,-0.25855584044417673
W,LinearRegression(n_jobs=-1),MinMaxScaler(),"['Round', 'Pct_upsets', 'Avg_seed_diff', 'Std_seed_diff', 'Avg_seed', 'Std_seed']",6,0.24915106054130706,0.27721699718896825,0.18260148110344546,-0.08551492093220636
W,LinearRegression(n_jobs=-1),MinMaxScaler(),"['Round', 'Pct_upsets', 'Avg_seed_diff', 'Std_seed_diff', 'Avg_seed', 'Std_seed']",9,0.2508039029699713,0.2721222673053818,0.1727070109954849,-0.1341388879996801
W,LinearRegression(n_jobs=-1),MinMaxScaler(),"['Round', 'Pct_upsets', 'Avg_seed_diff', 'Std_seed_diff']",3,0.2522589390835725,0.30704294987193187,0.16027647946933724,-0.26890979251690444
W,LinearRegression(n_jobs=-1),MinMaxScaler(),"['Round', 'Pct_upsets', 'Avg_seed_diff', 'Std_seed_diff']",6,0.2593013491571227,0.28217654755491167,0.11509416601238925,-0.1498567446089766
W,LinearRegression(n_jobs=-1),MinMaxScaler(),"['Round', 'Pct_upsets', 'Avg_seed_diff', 'Std_seed_diff']",9,0.26054930664201587,0.2743365482866296,0.10759864721205328,-0.1834835629497455
W,LinearRegression(n_jobs=-1),MinMaxScaler(),"['Pct_upsets', 'Avg_seed_diff', 'Std_seed_diff']",3,0.26012588240333867,0.29608239674247394,0.1075000556113096,-0.1798181413551426
W,LinearRegression(n_jobs=-1),MinMaxScaler(),"['Pct_upsets', 'Avg_seed_diff', 'Std_seed_diff']",6,0.2647001069437766,0.28072131827872754,0.07769563642584328,-0.1398976023130369
W,LinearRegression(n_jobs=-1),MinMaxScaler(),"['Pct_upsets', 'Avg_seed_diff', 'Std_seed_diff']",9,0.2658174229632517,0.2740069429158363,0.07100565151281145,-0.18267291302685926
W,RandomForestRegressor(n_jobs=-1),,"['Round', 'Pct_upsets', 'Avg_seed_diff', 'Std_seed_diff', 'Avg_seed', 'Std_seed']",3,0.10549265229272964,0.24894016287007367,0.8527455307598478,0.16169440146261657
W,RandomForestRegressor(n_jobs=-1),,"['Round', 'Pct_upsets', 'Avg_seed_diff', 'Std_seed_diff', 'Avg_seed', 'Std_seed']",6,0.10516451546722365,0.24991000302329167,0.8536700270401344,0.061213212086861556
W,RandomForestRegressor(n_jobs=-1),,"['Round', 'Pct_upsets', 'Avg_seed_diff', 'Std_seed_diff', 'Avg_seed', 'Std_seed']",9,0.10257527694114216,0.25819825366630184,0.8614034771458556,-0.030288189584762277
W,RandomForestRegressor(n_jobs=-1),,"['Round', 'Pct_upsets', 'Avg_seed_diff', 'Std_seed_diff']",3,0.14872899557856267,0.2502431269025052,0.7020891271882137,0.16060181190311032
W,RandomForestRegressor(n_jobs=-1),,"['Round', 'Pct_upsets', 'Avg_seed_diff', 'Std_seed_diff']",6,0.15264784811120521,0.22472925150720613,0.69169727136434,0.2916860097146854
W,RandomForestRegressor(n_jobs=-1),,"['Round', 'Pct_upsets', 'Avg_seed_diff', 'Std_seed_diff']",9,0.15230808908435053,0.2188338560691069,0.6935832279928271,0.257741042772454
W,RandomForestRegressor(n_jobs=-1),,"['Pct_upsets', 'Avg_seed_diff', 'Std_seed_diff']",3,0.18501174550942698,0.2867945520623466,0.5473027850768079,-0.13504049646567484
W,RandomForestRegressor(n_jobs=-1),,"['Pct_upsets', 'Avg_seed_diff', 'Std_seed_diff']",6,0.19109810841627708,0.26815938086456365,0.51898442050041,-0.047568577210867345
W,RandomForestRegressor(n_jobs=-1),,"['Pct_upsets', 'Avg_seed_diff', 'Std_seed_diff']",9,0.19188913284447828,0.2789475113654186,0.5153255212123061,-0.256828104898213
W,RandomForestRegressor(n_jobs=-1),StandardScaler(),"['Round', 'Pct_upsets', 'Avg_seed_diff', 'Std_seed_diff', 'Avg_seed', 'Std_seed']",3,0.11091546637096529,0.2585331452078377,0.8374890832492451,0.07579064749186493
W,RandomForestRegressor(n_jobs=-1),StandardScaler(),"['Round', 'Pct_upsets', 'Avg_seed_diff', 'Std_seed_diff', 'Avg_seed', 'Std_seed']",6,0.10846783632465296,0.251598088575452,0.84448411777908,0.06189966490295832
W,RandomForestRegressor(n_jobs=-1),StandardScaler(),"['Round', 'Pct_upsets', 'Avg_seed_diff', 'Std_seed_diff', 'Avg_seed', 'Std_seed']",9,0.10426379219244614,0.26357633817288995,0.8566287611290422,-0.0975098713809357
W,RandomForestRegressor(n_jobs=-1),StandardScaler(),"['Round', 'Pct_upsets', 'Avg_seed_diff', 'Std_seed_diff']",3,0.14876010154058328,0.2560554671413308,0.7021012396684577,0.11779315301625153
W,RandomForestRegressor(n_jobs=-1),StandardScaler(),"['Round', 'Pct_upsets', 'Avg_seed_diff', 'Std_seed_diff']",6,0.15285966982019267,0.2291809432215923,0.6910146027962248,0.26146452102713674
W,RandomForestRegressor(n_jobs=-1),StandardScaler(),"['Round', 'Pct_upsets', 'Avg_seed_diff', 'Std_seed_diff']",9,0.15276493981758,0.22288815344776594,0.6914372594192648,0.22416137436672795
W,RandomForestRegressor(n_jobs=-1),StandardScaler(),"['Pct_upsets', 'Avg_seed_diff', 'Std_seed_diff']",3,0.18528662760793171,0.27895831598535065,0.5463297642533163,-0.06672524905917195
W,RandomForestRegressor(n_jobs=-1),StandardScaler(),"['Pct_upsets', 'Avg_seed_diff', 'Std_seed_diff']",6,0.1907221753169307,0.26789366601496417,0.5207675135529997,-0.052141834464785895
W,RandomForestRegressor(n_jobs=-1),StandardScaler(),"['Pct_upsets', 'Avg_seed_diff', 'Std_seed_diff']",9,0.19200601763400013,0.2803044451885938,0.5148974119414162,-0.2948391805510615
W,RandomForestRegressor(n_jobs=-1),MinMaxScaler(),"['Round', 'Pct_upsets', 'Avg_seed_diff', 'Std_seed_diff', 'Avg_seed', 'Std_seed']",3,0.10617734377934283,0.2471974668038475,0.8506119828820707,0.17406115758367827
W,RandomForestRegressor(n_jobs=-1),MinMaxScaler(),"['Round', 'Pct_upsets', 'Avg_seed_diff', 'Std_seed_diff', 'Avg_seed', 'Std_seed']",6,0.10502673377578647,0.24725918922379167,0.8536172791582484,0.09528574508423308
W,RandomForestRegressor(n_jobs=-1),MinMaxScaler(),"['Round', 'Pct_upsets', 'Avg_seed_diff', 'Std_seed_diff', 'Avg_seed', 'Std_seed']",9,0.10338928869955447,0.2666344129133218,0.8591831338036507,-0.11003096789584188
W,RandomForestRegressor(n_jobs=-1),MinMaxScaler(),"['Round', 'Pct_upsets', 'Avg_seed_diff', 'Std_seed_diff']",3,0.15056313078318917,0.2502103179624255,0.6953700829736612,0.16221878861902275
W,RandomForestRegressor(n_jobs=-1),MinMaxScaler(),"['Round', 'Pct_upsets', 'Avg_seed_diff', 'Std_seed_diff']",6,0.15255785953147596,0.2223410859280276,0.6915801147672659,0.30783923493135323
W,RandomForestRegressor(n_jobs=-1),MinMaxScaler(),"['Round', 'Pct_upsets', 'Avg_seed_diff', 'Std_seed_diff']",9,0.15231094071082021,0.22122318989847967,0.6932700386573627,0.22592135827316856
W,RandomForestRegressor(n_jobs=-1),MinMaxScaler(),"['Pct_upsets', 'Avg_seed_diff', 'Std_seed_diff']",3,0.18639458054223582,0.2826417174486941,0.5407635994348049,-0.09015668250327358
W,RandomForestRegressor(n_jobs=-1),MinMaxScaler(),"['Pct_upsets', 'Avg_seed_diff', 'Std_seed_diff']",6,0.19020133123772232,0.26665248637920475,0.5235140065523576,-0.038534075083698514
W,RandomForestRegressor(n_jobs=-1),MinMaxScaler(),"['Pct_upsets', 'Avg_seed_diff', 'Std_seed_diff']",9,0.19171663895598764,0.2714702596326789,0.5163136557347321,-0.19998862129442435
W,"XGBRegressor(base_score=0.5, booster='gbtree', callbacks=None,
             colsample_bylevel=1, colsample_bynode=1, colsample_bytree=1,
             early_stopping_rounds=None, enable_categorical=False,
             eval_metric=None, gamma=0, gpu_id=-1, grow_policy='depthwise',
             importance_type=None, interaction_constraints='',
             learning_rate=0.300000012, max_bin=256, max_cat_to_onehot=4,
             max_delta_step=0, max_depth=6, max_leaves=0, min_child_weight=1,
             missing=nan, monotone_constraints='()', n_estimators=100,
             n_jobs=-1, num_parallel_tree=1, predictor='auto', random_state=0,
             reg_alpha=0, reg_lambda=1, ...)",,"['Round', 'Pct_upsets', 'Avg_seed_diff', 'Std_seed_diff', 'Avg_seed', 'Std_seed']",3,0.0011237119797960018,0.27688656856126087,0.9999830002685736,-0.04423259965897001
W,"XGBRegressor(base_score=0.5, booster='gbtree', callbacks=None,
             colsample_bylevel=1, colsample_bynode=1, colsample_bytree=1,
             early_stopping_rounds=None, enable_categorical=False,
             eval_metric=None, gamma=0, gpu_id=-1, grow_policy='depthwise',
             importance_type=None, interaction_constraints='',
             learning_rate=0.300000012, max_bin=256, max_cat_to_onehot=4,
             max_delta_step=0, max_depth=6, max_leaves=0, min_child_weight=1,
             missing=nan, monotone_constraints='()', n_estimators=100,
             n_jobs=-1, num_parallel_tree=1, predictor='auto', random_state=0,
             reg_alpha=0, reg_lambda=1, ...)",,"['Round', 'Pct_upsets', 'Avg_seed_diff', 'Std_seed_diff', 'Avg_seed', 'Std_seed']",6,0.001354351718509347,0.2802226025276823,0.9999751339121984,-0.23644557059616358
W,"XGBRegressor(base_score=0.5, booster='gbtree', callbacks=None,
             colsample_bylevel=1, colsample_bynode=1, colsample_bytree=1,
             early_stopping_rounds=None, enable_categorical=False,
             eval_metric=None, gamma=0, gpu_id=-1, grow_policy='depthwise',
             importance_type=None, interaction_constraints='',
             learning_rate=0.300000012, max_bin=256, max_cat_to_onehot=4,
             max_delta_step=0, max_depth=6, max_leaves=0, min_child_weight=1,
             missing=nan, monotone_constraints='()', n_estimators=100,
             n_jobs=-1, num_parallel_tree=1, predictor='auto', random_state=0,
             reg_alpha=0, reg_lambda=1, ...)",,"['Round', 'Pct_upsets', 'Avg_seed_diff', 'Std_seed_diff', 'Avg_seed', 'Std_seed']",9,0.0012757190725191977,0.2879637540330171,0.9999783027251978,-0.4409227522241945
W,"XGBRegressor(base_score=0.5, booster='gbtree', callbacks=None,
             colsample_bylevel=1, colsample_bynode=1, colsample_bytree=1,
             early_stopping_rounds=None, enable_categorical=False,
             eval_metric=None, gamma=0, gpu_id=-1, grow_policy='depthwise',
             importance_type=None, interaction_constraints='',
             learning_rate=0.300000012, max_bin=256, max_cat_to_onehot=4,
             max_delta_step=0, max_depth=6, max_leaves=0, min_child_weight=1,
             missing=nan, monotone_constraints='()', n_estimators=100,
             n_jobs=-1, num_parallel_tree=1, predictor='auto', random_state=0,
             reg_alpha=0, reg_lambda=1, ...)",,"['Round', 'Pct_upsets', 'Avg_seed_diff', 'Std_seed_diff']",3,0.12861941703520316,0.25076604346005105,0.7737959617468199,0.13433744859515595
W,"XGBRegressor(base_score=0.5, booster='gbtree', callbacks=None,
             colsample_bylevel=1, colsample_bynode=1, colsample_bytree=1,
             early_stopping_rounds=None, enable_categorical=False,
             eval_metric=None, gamma=0, gpu_id=-1, grow_policy='depthwise',
             importance_type=None, interaction_constraints='',
             learning_rate=0.300000012, max_bin=256, max_cat_to_onehot=4,
             max_delta_step=0, max_depth=6, max_leaves=0, min_child_weight=1,
             missing=nan, monotone_constraints='()', n_estimators=100,
             n_jobs=-1, num_parallel_tree=1, predictor='auto', random_state=0,
             reg_alpha=0, reg_lambda=1, ...)",,"['Round', 'Pct_upsets', 'Avg_seed_diff', 'Std_seed_diff']",6,0.1370055377491604,0.2428102485888293,0.7508797395943733,0.12972562310817215
W,"XGBRegressor(base_score=0.5, booster='gbtree', callbacks=None,
             colsample_bylevel=1, colsample_bynode=1, colsample_bytree=1,
             early_stopping_rounds=None, enable_categorical=False,
             eval_metric=None, gamma=0, gpu_id=-1, grow_policy='depthwise',
             importance_type=None, interaction_constraints='',
             learning_rate=0.300000012, max_bin=256, max_cat_to_onehot=4,
             max_delta_step=0, max_depth=6, max_leaves=0, min_child_weight=1,
             missing=nan, monotone_constraints='()', n_estimators=100,
             n_jobs=-1, num_parallel_tree=1, predictor='auto', random_state=0,
             reg_alpha=0, reg_lambda=1, ...)",,"['Round', 'Pct_upsets', 'Avg_seed_diff', 'Std_seed_diff']",9,0.1389796514704683,0.23028773879344097,0.7436949660988632,0.047001128211194336
W,"XGBRegressor(base_score=0.5, booster='gbtree', callbacks=None,
             colsample_bylevel=1, colsample_bynode=1, colsample_bytree=1,
             early_stopping_rounds=None, enable_categorical=False,
             eval_metric=None, gamma=0, gpu_id=-1, grow_policy='depthwise',
             importance_type=None, interaction_constraints='',
             learning_rate=0.300000012, max_bin=256, max_cat_to_onehot=4,
             max_delta_step=0, max_depth=6, max_leaves=0, min_child_weight=1,
             missing=nan, monotone_constraints='()', n_estimators=100,
             n_jobs=-1, num_parallel_tree=1, predictor='auto', random_state=0,
             reg_alpha=0, reg_lambda=1, ...)",,"['Pct_upsets', 'Avg_seed_diff', 'Std_seed_diff']",3,0.17036309321932372,0.3050223364266769,0.6145017593625993,-0.3631779370055406
W,"XGBRegressor(base_score=0.5, booster='gbtree', callbacks=None,
             colsample_bylevel=1, colsample_bynode=1, colsample_bytree=1,
             early_stopping_rounds=None, enable_categorical=False,
             eval_metric=None, gamma=0, gpu_id=-1, grow_policy='depthwise',
             importance_type=None, interaction_constraints='',
             learning_rate=0.300000012, max_bin=256, max_cat_to_onehot=4,
             max_delta_step=0, max_depth=6, max_leaves=0, min_child_weight=1,
             missing=nan, monotone_constraints='()', n_estimators=100,
             n_jobs=-1, num_parallel_tree=1, predictor='auto', random_state=0,
             reg_alpha=0, reg_lambda=1, ...)",,"['Pct_upsets', 'Avg_seed_diff', 'Std_seed_diff']",6,0.17864168830647495,0.2931619405018273,0.5790239592673074,-0.33127430546848186
W,"XGBRegressor(base_score=0.5, booster='gbtree', callbacks=None,
             colsample_bylevel=1, colsample_bynode=1, colsample_bytree=1,
             early_stopping_rounds=None, enable_categorical=False,
             eval_metric=None, gamma=0, gpu_id=-1, grow_policy='depthwise',
             importance_type=None, interaction_constraints='',
             learning_rate=0.300000012, max_bin=256, max_cat_to_onehot=4,
             max_delta_step=0, max_depth=6, max_leaves=0, min_child_weight=1,
             missing=nan, monotone_constraints='()', n_estimators=100,
             n_jobs=-1, num_parallel_tree=1, predictor='auto', random_state=0,
             reg_alpha=0, reg_lambda=1, ...)",,"['Pct_upsets', 'Avg_seed_diff', 'Std_seed_diff']",9,0.18073810885270722,0.30704630634815583,0.5694404637619492,-0.7067249081898619
W,"XGBRegressor(base_score=0.5, booster='gbtree', callbacks=None,
             colsample_bylevel=1, colsample_bynode=1, colsample_bytree=1,
             early_stopping_rounds=None, enable_categorical=False,
             eval_metric=None, gamma=0, gpu_id=-1, grow_policy='depthwise',
             importance_type=None, interaction_constraints='',
             learning_rate=0.300000012, max_bin=256, max_cat_to_onehot=4,
             max_delta_step=0, max_depth=6, max_leaves=0, min_child_weight=1,
             missing=nan, monotone_constraints='()', n_estimators=100,
             n_jobs=-1, num_parallel_tree=1, predictor='auto', random_state=0,
             reg_alpha=0, reg_lambda=1, ...)",StandardScaler(),"['Round', 'Pct_upsets', 'Avg_seed_diff', 'Std_seed_diff', 'Avg_seed', 'Std_seed']",3,0.0011237119797960018,0.2776008407829057,0.9999830002685736,-0.05085376590987293
W,"XGBRegressor(base_score=0.5, booster='gbtree', callbacks=None,
             colsample_bylevel=1, colsample_bynode=1, colsample_bytree=1,
             early_stopping_rounds=None, enable_categorical=False,
             eval_metric=None, gamma=0, gpu_id=-1, grow_policy='depthwise',
             importance_type=None, interaction_constraints='',
             learning_rate=0.300000012, max_bin=256, max_cat_to_onehot=4,
             max_delta_step=0, max_depth=6, max_leaves=0, min_child_weight=1,
             missing=nan, monotone_constraints='()', n_estimators=100,
             n_jobs=-1, num_parallel_tree=1, predictor='auto', random_state=0,
             reg_alpha=0, reg_lambda=1, ...)",StandardScaler(),"['Round', 'Pct_upsets', 'Avg_seed_diff', 'Std_seed_diff', 'Avg_seed', 'Std_seed']",6,0.001354351718509347,0.277538529980418,0.9999751339121984,-0.21447907155211207
W,"XGBRegressor(base_score=0.5, booster='gbtree', callbacks=None,
             colsample_bylevel=1, colsample_bynode=1, colsample_bytree=1,
             early_stopping_rounds=None, enable_categorical=False,
             eval_metric=None, gamma=0, gpu_id=-1, grow_policy='depthwise',
             importance_type=None, interaction_constraints='',
             learning_rate=0.300000012, max_bin=256, max_cat_to_onehot=4,
             max_delta_step=0, max_depth=6, max_leaves=0, min_child_weight=1,
             missing=nan, monotone_constraints='()', n_estimators=100,
             n_jobs=-1, num_parallel_tree=1, predictor='auto', random_state=0,
             reg_alpha=0, reg_lambda=1, ...)",StandardScaler(),"['Round', 'Pct_upsets', 'Avg_seed_diff', 'Std_seed_diff', 'Avg_seed', 'Std_seed']",9,0.0012757190725191977,0.2842241214494553,0.9999783027251978,-0.37805346907652365
W,"XGBRegressor(base_score=0.5, booster='gbtree', callbacks=None,
             colsample_bylevel=1, colsample_bynode=1, colsample_bytree=1,
             early_stopping_rounds=None, enable_categorical=False,
             eval_metric=None, gamma=0, gpu_id=-1, grow_policy='depthwise',
             importance_type=None, interaction_constraints='',
             learning_rate=0.300000012, max_bin=256, max_cat_to_onehot=4,
             max_delta_step=0, max_depth=6, max_leaves=0, min_child_weight=1,
             missing=nan, monotone_constraints='()', n_estimators=100,
             n_jobs=-1, num_parallel_tree=1, predictor='auto', random_state=0,
             reg_alpha=0, reg_lambda=1, ...)",StandardScaler(),"['Round', 'Pct_upsets', 'Avg_seed_diff', 'Std_seed_diff']",3,0.12861941703520316,0.25076604346005105,0.7737959617468199,0.13433744859515595
W,"XGBRegressor(base_score=0.5, booster='gbtree', callbacks=None,
             colsample_bylevel=1, colsample_bynode=1, colsample_bytree=1,
             early_stopping_rounds=None, enable_categorical=False,
             eval_metric=None, gamma=0, gpu_id=-1, grow_policy='depthwise',
             importance_type=None, interaction_constraints='',
             learning_rate=0.300000012, max_bin=256, max_cat_to_onehot=4,
             max_delta_step=0, max_depth=6, max_leaves=0, min_child_weight=1,
             missing=nan, monotone_constraints='()', n_estimators=100,
             n_jobs=-1, num_parallel_tree=1, predictor='auto', random_state=0,
             reg_alpha=0, reg_lambda=1, ...)",StandardScaler(),"['Round', 'Pct_upsets', 'Avg_seed_diff', 'Std_seed_diff']",6,0.1370055377491604,0.2422548526572834,0.7508797395943733,0.13408996426367983
W,"XGBRegressor(base_score=0.5, booster='gbtree', callbacks=None,
             colsample_bylevel=1, colsample_bynode=1, colsample_bytree=1,
             early_stopping_rounds=None, enable_categorical=False,
             eval_metric=None, gamma=0, gpu_id=-1, grow_policy='depthwise',
             importance_type=None, interaction_constraints='',
             learning_rate=0.300000012, max_bin=256, max_cat_to_onehot=4,
             max_delta_step=0, max_depth=6, max_leaves=0, min_child_weight=1,
             missing=nan, monotone_constraints='()', n_estimators=100,
             n_jobs=-1, num_parallel_tree=1, predictor='auto', random_state=0,
             reg_alpha=0, reg_lambda=1, ...)",StandardScaler(),"['Round', 'Pct_upsets', 'Avg_seed_diff', 'Std_seed_diff']",9,0.1389796514704683,0.23024756473755292,0.7436949660988632,0.0462167389232114
W,"XGBRegressor(base_score=0.5, booster='gbtree', callbacks=None,
             colsample_bylevel=1, colsample_bynode=1, colsample_bytree=1,
             early_stopping_rounds=None, enable_categorical=False,
             eval_metric=None, gamma=0, gpu_id=-1, grow_policy='depthwise',
             importance_type=None, interaction_constraints='',
             learning_rate=0.300000012, max_bin=256, max_cat_to_onehot=4,
             max_delta_step=0, max_depth=6, max_leaves=0, min_child_weight=1,
             missing=nan, monotone_constraints='()', n_estimators=100,
             n_jobs=-1, num_parallel_tree=1, predictor='auto', random_state=0,
             reg_alpha=0, reg_lambda=1, ...)",StandardScaler(),"['Pct_upsets', 'Avg_seed_diff', 'Std_seed_diff']",3,0.17036309321932372,0.3050223364266769,0.6145017593625993,-0.3631779370055406
W,"XGBRegressor(base_score=0.5, booster='gbtree', callbacks=None,
             colsample_bylevel=1, colsample_bynode=1, colsample_bytree=1,
             early_stopping_rounds=None, enable_categorical=False,
             eval_metric=None, gamma=0, gpu_id=-1, grow_policy='depthwise',
             importance_type=None, interaction_constraints='',
             learning_rate=0.300000012, max_bin=256, max_cat_to_onehot=4,
             max_delta_step=0, max_depth=6, max_leaves=0, min_child_weight=1,
             missing=nan, monotone_constraints='()', n_estimators=100,
             n_jobs=-1, num_parallel_tree=1, predictor='auto', random_state=0,
             reg_alpha=0, reg_lambda=1, ...)",StandardScaler(),"['Pct_upsets', 'Avg_seed_diff', 'Std_seed_diff']",6,0.17864168830647495,0.2926840279338008,0.5790239592673074,-0.3283130030365411
W,"XGBRegressor(base_score=0.5, booster='gbtree', callbacks=None,
             colsample_bylevel=1, colsample_bynode=1, colsample_bytree=1,
             early_stopping_rounds=None, enable_categorical=False,
             eval_metric=None, gamma=0, gpu_id=-1, grow_policy='depthwise',
             importance_type=None, interaction_constraints='',
             learning_rate=0.300000012, max_bin=256, max_cat_to_onehot=4,
             max_delta_step=0, max_depth=6, max_leaves=0, min_child_weight=1,
             missing=nan, monotone_constraints='()', n_estimators=100,
             n_jobs=-1, num_parallel_tree=1, predictor='auto', random_state=0,
             reg_alpha=0, reg_lambda=1, ...)",StandardScaler(),"['Pct_upsets', 'Avg_seed_diff', 'Std_seed_diff']",9,0.18073810885270722,0.3071224960744148,0.5694404637619492,-0.7076858797070901
W,"XGBRegressor(base_score=0.5, booster='gbtree', callbacks=None,
             colsample_bylevel=1, colsample_bynode=1, colsample_bytree=1,
             early_stopping_rounds=None, enable_categorical=False,
             eval_metric=None, gamma=0, gpu_id=-1, grow_policy='depthwise',
             importance_type=None, interaction_constraints='',
             learning_rate=0.300000012, max_bin=256, max_cat_to_onehot=4,
             max_delta_step=0, max_depth=6, max_leaves=0, min_child_weight=1,
             missing=nan, monotone_constraints='()', n_estimators=100,
             n_jobs=-1, num_parallel_tree=1, predictor='auto', random_state=0,
             reg_alpha=0, reg_lambda=1, ...)",MinMaxScaler(),"['Round', 'Pct_upsets', 'Avg_seed_diff', 'Std_seed_diff', 'Avg_seed', 'Std_seed']",3,0.0011237119797960018,0.2739564636404187,0.9999830002685736,-0.025606348592623118
W,"XGBRegressor(base_score=0.5, booster='gbtree', callbacks=None,
             colsample_bylevel=1, colsample_bynode=1, colsample_bytree=1,
             early_stopping_rounds=None, enable_categorical=False,
             eval_metric=None, gamma=0, gpu_id=-1, grow_policy='depthwise',
             importance_type=None, interaction_constraints='',
             learning_rate=0.300000012, max_bin=256, max_cat_to_onehot=4,
             max_delta_step=0, max_depth=6, max_leaves=0, min_child_weight=1,
             missing=nan, monotone_constraints='()', n_estimators=100,
             n_jobs=-1, num_parallel_tree=1, predictor='auto', random_state=0,
             reg_alpha=0, reg_lambda=1, ...)",MinMaxScaler(),"['Round', 'Pct_upsets', 'Avg_seed_diff', 'Std_seed_diff', 'Avg_seed', 'Std_seed']",6,0.001354351718509347,0.28005285312287326,0.9999751339121984,-0.23510984551723305
W,"XGBRegressor(base_score=0.5, booster='gbtree', callbacks=None,
             colsample_bylevel=1, colsample_bynode=1, colsample_bytree=1,
             early_stopping_rounds=None, enable_categorical=False,
             eval_metric=None, gamma=0, gpu_id=-1, grow_policy='depthwise',
             importance_type=None, interaction_constraints='',
             learning_rate=0.300000012, max_bin=256, max_cat_to_onehot=4,
             max_delta_step=0, max_depth=6, max_leaves=0, min_child_weight=1,
             missing=nan, monotone_constraints='()', n_estimators=100,
             n_jobs=-1, num_parallel_tree=1, predictor='auto', random_state=0,
             reg_alpha=0, reg_lambda=1, ...)",MinMaxScaler(),"['Round', 'Pct_upsets', 'Avg_seed_diff', 'Std_seed_diff', 'Avg_seed', 'Std_seed']",9,0.0012757190725191977,0.2879637540330171,0.9999783027251978,-0.4409227522241945
W,"XGBRegressor(base_score=0.5, booster='gbtree', callbacks=None,
             colsample_bylevel=1, colsample_bynode=1, colsample_bytree=1,
             early_stopping_rounds=None, enable_categorical=False,
             eval_metric=None, gamma=0, gpu_id=-1, grow_policy='depthwise',
             importance_type=None, interaction_constraints='',
             learning_rate=0.300000012, max_bin=256, max_cat_to_onehot=4,
             max_delta_step=0, max_depth=6, max_leaves=0, min_child_weight=1,
             missing=nan, monotone_constraints='()', n_estimators=100,
             n_jobs=-1, num_parallel_tree=1, predictor='auto', random_state=0,
             reg_alpha=0, reg_lambda=1, ...)",MinMaxScaler(),"['Round', 'Pct_upsets', 'Avg_seed_diff', 'Std_seed_diff']",3,0.12861941703520316,0.25076176945575296,0.7737959617468199,0.1343753011894756
W,"XGBRegressor(base_score=0.5, booster='gbtree', callbacks=None,
             colsample_bylevel=1, colsample_bynode=1, colsample_bytree=1,
             early_stopping_rounds=None, enable_categorical=False,
             eval_metric=None, gamma=0, gpu_id=-1, grow_policy='depthwise',
             importance_type=None, interaction_constraints='',
             learning_rate=0.300000012, max_bin=256, max_cat_to_onehot=4,
             max_delta_step=0, max_depth=6, max_leaves=0, min_child_weight=1,
             missing=nan, monotone_constraints='()', n_estimators=100,
             n_jobs=-1, num_parallel_tree=1, predictor='auto', random_state=0,
             reg_alpha=0, reg_lambda=1, ...)",MinMaxScaler(),"['Round', 'Pct_upsets', 'Avg_seed_diff', 'Std_seed_diff']",6,0.1370055377491604,0.23973744997539223,0.7508797395943733,0.1578248700168219
W,"XGBRegressor(base_score=0.5, booster='gbtree', callbacks=None,
             colsample_bylevel=1, colsample_bynode=1, colsample_bytree=1,
             early_stopping_rounds=None, enable_categorical=False,
             eval_metric=None, gamma=0, gpu_id=-1, grow_policy='depthwise',
             importance_type=None, interaction_constraints='',
             learning_rate=0.300000012, max_bin=256, max_cat_to_onehot=4,
             max_delta_step=0, max_depth=6, max_leaves=0, min_child_weight=1,
             missing=nan, monotone_constraints='()', n_estimators=100,
             n_jobs=-1, num_parallel_tree=1, predictor='auto', random_state=0,
             reg_alpha=0, reg_lambda=1, ...)",MinMaxScaler(),"['Round', 'Pct_upsets', 'Avg_seed_diff', 'Std_seed_diff']",9,0.1389796514704683,0.22763115600682127,0.7436949660988632,0.08919159704211471
W,"XGBRegressor(base_score=0.5, booster='gbtree', callbacks=None,
             colsample_bylevel=1, colsample_bynode=1, colsample_bytree=1,
             early_stopping_rounds=None, enable_categorical=False,
             eval_metric=None, gamma=0, gpu_id=-1, grow_policy='depthwise',
             importance_type=None, interaction_constraints='',
             learning_rate=0.300000012, max_bin=256, max_cat_to_onehot=4,
             max_delta_step=0, max_depth=6, max_leaves=0, min_child_weight=1,
             missing=nan, monotone_constraints='()', n_estimators=100,
             n_jobs=-1, num_parallel_tree=1, predictor='auto', random_state=0,
             reg_alpha=0, reg_lambda=1, ...)",MinMaxScaler(),"['Pct_upsets', 'Avg_seed_diff', 'Std_seed_diff']",3,0.17036309321932372,0.30463198746762415,0.6145017593625993,-0.3581704385848168
W,"XGBRegressor(base_score=0.5, booster='gbtree', callbacks=None,
             colsample_bylevel=1, colsample_bynode=1, colsample_bytree=1,
             early_stopping_rounds=None, enable_categorical=False,
             eval_metric=None, gamma=0, gpu_id=-1, grow_policy='depthwise',
             importance_type=None, interaction_constraints='',
             learning_rate=0.300000012, max_bin=256, max_cat_to_onehot=4,
             max_delta_step=0, max_depth=6, max_leaves=0, min_child_weight=1,
             missing=nan, monotone_constraints='()', n_estimators=100,
             n_jobs=-1, num_parallel_tree=1, predictor='auto', random_state=0,
             reg_alpha=0, reg_lambda=1, ...)",MinMaxScaler(),"['Pct_upsets', 'Avg_seed_diff', 'Std_seed_diff']",6,0.17864168830647495,0.2931759543160579,0.5790239592673074,-0.331533338839696
W,"XGBRegressor(base_score=0.5, booster='gbtree', callbacks=None,
             colsample_bylevel=1, colsample_bynode=1, colsample_bytree=1,
             early_stopping_rounds=None, enable_categorical=False,
             eval_metric=None, gamma=0, gpu_id=-1, grow_policy='depthwise',
             importance_type=None, interaction_constraints='',
             learning_rate=0.300000012, max_bin=256, max_cat_to_onehot=4,
             max_delta_step=0, max_depth=6, max_leaves=0, min_child_weight=1,
             missing=nan, monotone_constraints='()', n_estimators=100,
             n_jobs=-1, num_parallel_tree=1, predictor='auto', random_state=0,
             reg_alpha=0, reg_lambda=1, ...)",MinMaxScaler(),"['Pct_upsets', 'Avg_seed_diff', 'Std_seed_diff']",9,0.18073810885270722,0.3070601604006384,0.5694404637619492,-0.70639801673566
W,SVR(),,"['Round', 'Pct_upsets', 'Avg_seed_diff', 'Std_seed_diff', 'Avg_seed', 'Std_seed']",3,0.232056969961296,0.2639824365369306,0.28854241829542815,0.060554503405135206
W,SVR(),,"['Round', 'Pct_upsets', 'Avg_seed_diff', 'Std_seed_diff', 'Avg_seed', 'Std_seed']",6,0.2380978484161178,0.2504763980658951,0.2535557431009643,0.09794173174811875
W,SVR(),,"['Round', 'Pct_upsets', 'Avg_seed_diff', 'Std_seed_diff', 'Avg_seed', 'Std_seed']",9,0.23667221620849002,0.24984168333927612,0.26350695458848217,0.056687704226714986
W,SVR(),,"['Round', 'Pct_upsets', 'Avg_seed_diff', 'Std_seed_diff']",3,0.24352678785043524,0.272688812649079,0.21789848633995454,0.005264697587037848
W,SVR(),,"['Round', 'Pct_upsets', 'Avg_seed_diff', 'Std_seed_diff']",6,0.24495356247974956,0.2468409421289476,0.21053310772511521,0.14660107302534534
W,SVR(),,"['Round', 'Pct_upsets', 'Avg_seed_diff', 'Std_seed_diff']",9,0.24515700443056465,0.2492922090618589,0.2095884602263851,0.06250199276894859
W,SVR(),,"['Pct_upsets', 'Avg_seed_diff', 'Std_seed_diff']",3,0.2616407040135372,0.2921702655243132,0.0969964867261373,-0.15463036445705547
W,SVR(),,"['Pct_upsets', 'Avg_seed_diff', 'Std_seed_diff']",6,0.26444977717491397,0.2752603006756926,0.07972977256627811,-0.08686393399989682
W,SVR(),,"['Pct_upsets', 'Avg_seed_diff', 'Std_seed_diff']",9,0.2643047426826335,0.2852241083720123,0.08139152428674805,-0.30126190128268454
W,SVR(),StandardScaler(),"['Round', 'Pct_upsets', 'Avg_seed_diff', 'Std_seed_diff', 'Avg_seed', 'Std_seed']",3,0.19944019752995998,0.2657651570229374,0.4756059256260654,0.033203028361356836
W,SVR(),StandardScaler(),"['Round', 'Pct_upsets', 'Avg_seed_diff', 'Std_seed_diff', 'Avg_seed', 'Std_seed']",6,0.19949777699054297,0.25229911192400156,0.4762630434209674,0.08243580294201854
W,SVR(),StandardScaler(),"['Round', 'Pct_upsets', 'Avg_seed_diff', 'Std_seed_diff', 'Avg_seed', 'Std_seed']",9,0.19917580593109843,0.26100726474111874,0.4780788130889848,-0.048279155685419184
W,SVR(),StandardScaler(),"['Round', 'Pct_upsets', 'Avg_seed_diff', 'Std_seed_diff']",3,0.21738913545522331,0.2716433146363159,0.3759180484936963,-0.0006671504431389567
W,SVR(),StandardScaler(),"['Round', 'Pct_upsets', 'Avg_seed_diff', 'Std_seed_diff']",6,0.21698707155503727,0.26464948923007425,0.3805545790214396,-0.0019122040912983491
W,SVR(),StandardScaler(),"['Round', 'Pct_upsets', 'Avg_seed_diff', 'Std_seed_diff']",9,0.21615503960123716,0.27171312567282907,0.38512968914576906,-0.17750363611121037
W,SVR(),StandardScaler(),"['Pct_upsets', 'Avg_seed_diff', 'Std_seed_diff']",3,0.2314928421036292,0.28492964828489575,0.2911927497907462,-0.11482744771676145
W,SVR(),StandardScaler(),"['Pct_upsets', 'Avg_seed_diff', 'Std_seed_diff']",6,0.23145873566988232,0.27407144993856725,0.2945626211506975,-0.12447389750692948
W,SVR(),StandardScaler(),"['Pct_upsets', 'Avg_seed_diff', 'Std_seed_diff']",9,0.23337379333980002,0.26956834124105145,0.2836246824879416,-0.2205351873474587
W,SVR(),MinMaxScaler(),"['Round', 'Pct_upsets', 'Avg_seed_diff', 'Std_seed_diff', 'Avg_seed', 'Std_seed']",3,0.21385126489770445,0.2715719988199678,0.3970273942050442,-0.0010327008712358217
W,SVR(),MinMaxScaler(),"['Round', 'Pct_upsets', 'Avg_seed_diff', 'Std_seed_diff', 'Avg_seed', 'Std_seed']",6,0.21302046152694495,0.2519382066425954,0.40303639787999274,0.09002060376870184
W,SVR(),MinMaxScaler(),"['Round', 'Pct_upsets', 'Avg_seed_diff', 'Std_seed_diff', 'Avg_seed', 'Std_seed']",9,0.21389337042463147,0.2647243738183112,0.39849532278719135,-0.09111591544764229
W,SVR(),MinMaxScaler(),"['Round', 'Pct_upsets', 'Avg_seed_diff', 'Std_seed_diff']",3,0.22407726586505086,0.2680313856413447,0.33782942422225704,0.034571837363138846
W,SVR(),MinMaxScaler(),"['Round', 'Pct_upsets', 'Avg_seed_diff', 'Std_seed_diff']",6,0.22630124148579525,0.2579520506181315,0.32631202320917524,0.058671791769517236
W,SVR(),MinMaxScaler(),"['Round', 'Pct_upsets', 'Avg_seed_diff', 'Std_seed_diff']",9,0.2275162194707148,0.26509971158933493,0.3188432202877418,-0.09868647099359637
W,SVR(),MinMaxScaler(),"['Pct_upsets', 'Avg_seed_diff', 'Std_seed_diff']",3,0.24341645441597448,0.28967720163342103,0.21714838505007097,-0.1391592352217296
W,SVR(),MinMaxScaler(),"['Pct_upsets', 'Avg_seed_diff', 'Std_seed_diff']",6,0.2410670063040766,0.2820099842256795,0.23491052899909967,-0.16398409899711788
W,SVR(),MinMaxScaler(),"['Pct_upsets', 'Avg_seed_diff', 'Std_seed_diff']",9,0.2426533724664749,0.2759915787432159,0.22548777023732067,-0.2521175558150542
W,KNeighborsRegressor(n_jobs=-1),,"['Round', 'Pct_upsets', 'Avg_seed_diff', 'Std_seed_diff', 'Avg_seed', 'Std_seed']",3,0.22980242475374588,0.26772451239176237,0.30327726479740147,0.03732131448977168
W,KNeighborsRegressor(n_jobs=-1),,"['Round', 'Pct_upsets', 'Avg_seed_diff', 'Std_seed_diff', 'Avg_seed', 'Std_seed']",6,0.22591562906905313,0.24917722275970502,0.32827387336344666,0.11936551063623822
W,KNeighborsRegressor(n_jobs=-1),,"['Round', 'Pct_upsets', 'Avg_seed_diff', 'Std_seed_diff', 'Avg_seed', 'Std_seed']",9,0.22455496984598955,0.25362315236266353,0.33713970745710525,-0.03800061690460352
W,KNeighborsRegressor(n_jobs=-1),,"['Round', 'Pct_upsets', 'Avg_seed_diff', 'Std_seed_diff']",3,0.22502757192576764,0.2715410829387256,0.3304678865923988,0.01109912149572471
W,KNeighborsRegressor(n_jobs=-1),,"['Round', 'Pct_upsets', 'Avg_seed_diff', 'Std_seed_diff']",6,0.2250962016182861,0.24819326260835953,0.33220544882363817,0.12548620889602916
W,KNeighborsRegressor(n_jobs=-1),,"['Round', 'Pct_upsets', 'Avg_seed_diff', 'Std_seed_diff']",9,0.22252317180605685,0.24983338761067633,0.34806337897976614,0.006620723476444799
W,KNeighborsRegressor(n_jobs=-1),,"['Pct_upsets', 'Avg_seed_diff', 'Std_seed_diff']",3,0.25462595030981106,0.2724064592532665,0.14531700353128352,0.003928843486155335
W,KNeighborsRegressor(n_jobs=-1),,"['Pct_upsets', 'Avg_seed_diff', 'Std_seed_diff']",6,0.2484862238827921,0.27105229466491026,0.18748533949520527,-0.09672569041611456
W,KNeighborsRegressor(n_jobs=-1),,"['Pct_upsets', 'Avg_seed_diff', 'Std_seed_diff']",9,0.24760204959792156,0.26381664917565667,0.19395723278085375,-0.08324383970435197
W,KNeighborsRegressor(n_jobs=-1),StandardScaler(),"['Round', 'Pct_upsets', 'Avg_seed_diff', 'Std_seed_diff', 'Avg_seed', 'Std_seed']",3,0.22781547784609543,0.24308607671270835,0.3149184076213677,0.20609531260633565
W,KNeighborsRegressor(n_jobs=-1),StandardScaler(),"['Round', 'Pct_upsets', 'Avg_seed_diff', 'Std_seed_diff', 'Avg_seed', 'Std_seed']",6,0.21946298423451574,0.24998585996188286,0.3657629286949868,0.10816105186701443
W,KNeighborsRegressor(n_jobs=-1),StandardScaler(),"['Round', 'Pct_upsets', 'Avg_seed_diff', 'Std_seed_diff', 'Avg_seed', 'Std_seed']",9,0.2181300461555004,0.25661652054260015,0.3738869134154757,-0.015471497306892505
W,KNeighborsRegressor(n_jobs=-1),StandardScaler(),"['Round', 'Pct_upsets', 'Avg_seed_diff', 'Std_seed_diff']",3,0.22556083629776844,0.2884587322507626,0.32862891037742864,-0.12835641159226738
W,KNeighborsRegressor(n_jobs=-1),StandardScaler(),"['Round', 'Pct_upsets', 'Avg_seed_diff', 'Std_seed_diff']",6,0.23132817473355127,0.2671718764882787,0.29586417099458767,-0.028302761962356926
W,KNeighborsRegressor(n_jobs=-1),StandardScaler(),"['Round', 'Pct_upsets', 'Avg_seed_diff', 'Std_seed_diff']",9,0.2317448330975818,0.270072674904079,0.2934849428165327,-0.13158762211734976
W,KNeighborsRegressor(n_jobs=-1),StandardScaler(),"['Pct_upsets', 'Avg_seed_diff', 'Std_seed_diff']",3,0.24523799018129866,0.28572804641066474,0.2055054380743014,-0.11901439186882372
W,KNeighborsRegressor(n_jobs=-1),StandardScaler(),"['Pct_upsets', 'Avg_seed_diff', 'Std_seed_diff']",6,0.24485238959000166,0.2645151777462318,0.21006111505792255,-0.01553995758008575
W,KNeighborsRegressor(n_jobs=-1),StandardScaler(),"['Pct_upsets', 'Avg_seed_diff', 'Std_seed_diff']",9,0.24504596234825002,0.26446640607876826,0.21028844526462917,-0.15819721747222734
W,KNeighborsRegressor(n_jobs=-1),MinMaxScaler(),"['Round', 'Pct_upsets', 'Avg_seed_diff', 'Std_seed_diff', 'Avg_seed', 'Std_seed']",3,0.2294741522449731,0.253470679468546,0.30456003640961865,0.13338479073750353
W,KNeighborsRegressor(n_jobs=-1),MinMaxScaler(),"['Round', 'Pct_upsets', 'Avg_seed_diff', 'Std_seed_diff', 'Avg_seed', 'Std_seed']",6,0.22801314279606333,0.25385628233099083,0.31476644114261043,0.07760116579578613
W,KNeighborsRegressor(n_jobs=-1),MinMaxScaler(),"['Round', 'Pct_upsets', 'Avg_seed_diff', 'Std_seed_diff', 'Avg_seed', 'Std_seed']",9,0.22916376855416956,0.2572486155010893,0.30917208381100714,-0.0074483826563049365
W,KNeighborsRegressor(n_jobs=-1),MinMaxScaler(),"['Round', 'Pct_upsets', 'Avg_seed_diff', 'Std_seed_diff']",3,0.2273147771737899,0.2769001003795651,0.31791036928170274,-0.03124974251505741
W,KNeighborsRegressor(n_jobs=-1),MinMaxScaler(),"['Round', 'Pct_upsets', 'Avg_seed_diff', 'Std_seed_diff']",6,0.23129938433706762,0.2666543491247551,0.2953634311976518,-0.025165943218348568
W,KNeighborsRegressor(n_jobs=-1),MinMaxScaler(),"['Round', 'Pct_upsets', 'Avg_seed_diff', 'Std_seed_diff']",9,0.22901486281515504,0.26534248735400545,0.30980780121408125,-0.1412781664425421
W,KNeighborsRegressor(n_jobs=-1),MinMaxScaler(),"['Pct_upsets', 'Avg_seed_diff', 'Std_seed_diff']",3,0.24994290811255934,0.28211368345618054,0.17577879696851006,-0.07193883656686446
W,KNeighborsRegressor(n_jobs=-1),MinMaxScaler(),"['Pct_upsets', 'Avg_seed_diff', 'Std_seed_diff']",6,0.24783314015314017,0.26597978561599633,0.19179869873878697,-0.02563784536050658
W,KNeighborsRegressor(n_jobs=-1),MinMaxScaler(),"['Pct_upsets', 'Avg_seed_diff', 'Std_seed_diff']",9,0.24805436873290942,0.2637308601091665,0.1910082224310952,-0.10206544236185826
